Day,USD_TRY,USD_RUB
1,1.2827,25.4951
2,1.2749,25.457
3,1.2754,25.4802
4,1.2757,25.4633
5,1.2745,25.4358
6,1.2646,25.4157
7,1.2709,25.3908
8,1.2495,25.4065
9,1.244,25.3902
10,1.2457,25.4883
11,1.284,25.469
12,1.3032,25.5959
13,1.3055,25.5514
14,1.2756,25.5537
15,1.2922,25.5867
16,1.279,25.5719
17,1.2752,25.4882
18,1.2832,25.4849
19,1.2752,25.4781
20,1.2572,25.4403
21,1.283,25.4683
22,1.2993,25.4632
23,1.2888,25.5367
24,1.3061,25.6042
25,1.3325,25.7088
26,1.3926,25.7711
27,1.3667,25.7601
28,1.3507,25.792
29,1.3613,25.8902
30,1.3354,25.7594
31,1.3282,25.7387
32,1.3327,25.6908
33,1.3185,25.67
34,1.3293,25.7461
35,1.3261,25.6378
36,1.3138,25.653
37,1.3026,25.656
38,1.2991,25.6108
39,1.3046,25.674
40,1.3022,25.6391
41,1.3,25.6327
42,1.298,25.5717
43,1.2984,25.5271
44,1.2872,25.4519
45,1.2754,25.3757
46,1.2636,25.3559
47,1.2643,25.3358
48,1.2665,25.3238
49,1.2604,25.3116
50,1.2337,25.1855
51,1.236,25.0783
52,1.225,25.04
53,1.2276,25.0172
54,1.2325,24.9697
55,1.2214,24.9818
56,1.2138,24.9581
57,1.2072,24.8588
58,1.2031,24.8755
59,1.2107,24.9487
60,1.2033,25.0094
61,1.2046,24.9647
62,1.1852,24.9689
63,1.1868,25.0505
64,1.186,24.9951
65,1.1886,24.9542
66,1.1862,24.9109
67,1.1961,24.9279
68,1.2087,24.9009
69,1.216,24.9293
70,1.2046,24.8997
71,1.2085,24.8156
72,1.2023,24.8466
73,1.2307,24.9374
74,1.2139,24.8606
75,1.21,24.8644
76,1.198,24.8053
77,1.1889,24.7261
78,1.1905,24.6923
79,1.1877,24.6885
80,1.1744,24.6556
81,1.18,24.6919
82,1.1842,24.6195
83,1.1891,24.6617
84,1.1724,24.5767
85,1.1727,24.487
86,1.184,24.4626
87,1.199,24.4566
88,1.2094,24.6068
89,1.1988,24.5396
90,1.174,24.4867
91,1.1845,24.5283
92,1.1882,24.4916
93,1.1885,24.4789
94,1.192,24.3303
95,1.2052,24.3085
96,1.1972,24.311
97,1.2057,24.3186
98,1.1953,24.285
99,1.2238,24.3293
100,1.1959,24.3127
101,1.19,24.4157
102,1.1757,24.501
103,1.1833,24.4714
104,1.1854,24.3873
105,1.1775,24.5278
106,1.1775,24.4977
107,1.1722,24.4797
108,1.1688,24.4289
109,1.1685,24.4741
110,1.1685,24.4391
111,1.1731,24.5023
112,1.1842,24.6822
113,1.1907,24.7101
114,1.1857,24.703
115,1.1897,24.7324
116,1.1948,24.7768
117,1.1892,24.7345
118,1.1807,24.7185
119,1.182,24.7197
120,1.1765,24.6439
121,1.176,24.6064
122,1.1698,24.4882
123,1.17,24.6006
124,1.1694,24.6368
125,1.1706,24.4932
126,1.1678,24.4554
127,1.1693,24.4607
128,1.16,24.4997
129,1.1612,24.4862
130,1.1568,24.4845
131,1.1532,24.3567
132,1.1508,24.3806
133,1.1508,24.2868
134,1.1713,24.3481
135,1.1782,24.4876
136,1.1849,24.5003
137,1.2133,24.5226
138,1.2107,24.7438
139,1.2052,24.6705
140,1.1838,24.6685
141,1.1821,24.4733
142,1.1881,24.542
143,1.1799,24.4752
144,1.1776,24.4819
145,1.1766,24.4094
146,1.1673,24.4353
147,1.166,24.491
148,1.1794,24.493
149,1.1861,24.6283
150,1.2071,24.6429
151,1.2114,24.7859
152,1.2295,24.7394
153,1.2117,24.6901
154,1.2027,24.627
155,1.1951,24.6641
156,1.2016,24.6125
157,1.1941,24.5866
158,1.1934,24.5817
159,1.2131,24.5452
160,1.2031,24.5466
161,1.2063,24.4729
162,1.2036,24.436
163,1.1923,24.4382
164,1.1829,24.2583
165,1.1825,24.0913
166,1.2031,23.998
167,1.2193,24.0143
168,1.2109,24.0211
169,1.2137,24.0042
170,1.2228,23.9539
171,1.2415,23.8255
172,1.2468,23.8529
173,1.2303,23.8705
174,1.2195,23.875
175,1.243,23.6946
176,1.2305,23.6204
177,1.2609,23.5954
178,1.2338,23.5448
179,1.2335,23.6305
180,1.2459,23.6369
181,1.251,23.8081
182,1.2374,23.7941
183,1.2519,23.8032
184,1.269,23.6155
185,1.275,23.4511
186,1.3043,23.503
187,1.3241,23.4892
188,1.3113,23.4929
189,1.2925,23.6438
190,1.2993,23.5645
191,1.2925,23.5834
192,1.2819,23.5373
193,1.2913,23.5533
194,1.2954,23.5541
195,1.3086,23.457
196,1.3063,23.5332
197,1.3132,23.4686
198,1.3129,23.4516
199,1.3241,23.4888
200,1.3303,23.362
201,1.3095,23.3891
202,1.3117,23.464
203,1.3094,23.3937
204,1.2938,23.3179
205,1.2873,23.4077
206,1.2941,23.5709
207,1.2784,23.6236
208,1.2859,23.5898
209,1.2792,23.6733
210,1.2784,23.6377
211,1.2585,23.7781
212,1.2601,23.8012
213,1.26,23.7577
214,1.2485,23.7114
215,1.2653,23.8224
216,1.2672,23.8267
217,1.2608,23.7414
218,1.2502,23.6886
219,1.2526,23.8083
220,1.2439,23.8792
221,1.2315,23.893
222,1.232,23.7255
223,1.2421,23.7904
224,1.2423,23.7052
225,1.2472,23.5559
226,1.2462,23.6121
227,1.2461,23.5456
228,1.2454,23.5136
229,1.2281,23.6228
230,1.2209,23.6222
231,1.2186,23.7098
232,1.2275,23.684
233,1.2272,23.7079
234,1.2382,23.7878
235,1.2298,23.8014
236,1.2426,23.6753
237,1.2433,23.5375
238,1.2551,23.6535
239,1.2645,23.6952
240,1.2558,23.6377
241,1.2555,23.7507
242,1.2468,23.7824
243,1.2275,23.6817
244,1.2287,23.6485
245,1.2256,23.6256
246,1.2298,23.6478
247,1.2304,23.5709
248,1.2313,23.64
249,1.2163,23.5733
250,1.2181,23.5202
251,1.2284,23.4358
252,1.2264,23.4102
253,1.2443,23.4446
254,1.2383,23.4279
255,1.249,23.3714
256,1.2359,23.519
257,1.2269,23.4851
258,1.2283,23.4682
259,1.2215,23.5206
260,1.2224,23.4233
261,1.2234,23.3554
262,1.2175,23.2507
263,1.2199,23.1577
264,1.2158,23.1656
265,1.2032,23.257
266,1.1913,23.2234
267,1.1908,23.2161
268,1.1998,23.182
269,1.2036,23.2991
270,1.2058,23.3568
271,1.2062,23.3843
272,1.2039,23.3821
273,1.2,23.3408
274,1.1835,23.4485
275,1.1639,23.4431
276,1.1543,23.4318
277,1.1535,23.4846
278,1.1559,23.411
279,1.1634,23.563
280,1.1752,23.6516
281,1.1887,23.6833
282,1.1877,24.2381
283,1.1804,24.4246
284,1.1855,24.2481
285,1.1831,24.2199
286,1.1873,24.3847
287,1.1893,24.6088
288,1.1907,24.5539
289,1.193,24.4741
290,1.1884,24.3902
291,1.1861,24.2851
292,1.1879,24.384
293,1.1908,24.4393
294,1.189,24.6621
295,1.1853,24.6125
296,1.1844,24.6402
297,1.1861,24.645
298,1.1968,24.674
299,1.2137,24.7883
300,1.2415,25.1257
301,1.2387,25.4508
302,1.2265,25.4818
303,1.2373,25.5398
304,1.2454,25.5841
305,1.257,25.7405
306,1.239,25.7442
307,1.2645,25.5285
308,1.2655,25.51
309,1.2883,25.6158
310,1.2702,25.4354
311,1.2458,25.4148
312,1.239,25.2812
313,1.2453,25.0281
314,1.2445,25.0998
315,1.2296,25.0343
316,1.2284,25.0402
317,1.2767,25.0408
318,1.2695,25.3059
319,1.272,25.6439
320,1.3168,25.7333
321,1.311,25.9225
322,1.3746,25.9801
323,1.3873,26.2594
324,1.4015,26.1739
325,1.4275,26.1071
326,1.429,26.1425
327,1.384,26.214
328,1.3839,26.1912
329,1.467,26.1359
330,1.5035,26.2525
331,1.495,26.3007
332,1.5108,26.3566
333,1.591,26.3608
334,1.7096,26.7083
335,1.6548,26.9277
336,1.6912,26.8475
337,1.63,27.1991
338,1.535,27.3368
339,1.5015,27.1361
340,1.5248,26.8226
341,1.5423,26.8281
342,1.5465,27.069
343,1.4847,27.1557
344,1.53,26.8061
345,1.5682,26.8248
346,1.5467,27.0435
347,1.5478,27.0304
348,1.5955,27.0535
349,1.6525,27.5743
350,1.631,27.5744
351,1.615,27.2898
352,1.633,27.3724
353,1.6585,27.4347
354,1.732,27.4683
355,1.7271,27.6196
356,1.6603,27.6405
357,1.5842,27.509
358,1.5621,27.3074
359,1.575,27.2356
360,1.5725,27.4384
361,1.563,27.4255
362,1.598,27.9231
363,1.577,28.0189
364,1.5747,27.8993
365,1.5628,27.9034
366,1.5984,27.8013
367,1.5707,28.1725
368,1.5695,27.8891
369,1.555,27.9279
370,1.5365,27.825
371,1.5573,27.6853
372,1.5635,27.686
373,1.5434,27.6212
374,1.527,27.3161
375,1.509,27.2542
376,1.5275,27.4958
377,1.5325,28.173
378,1.5178,28.4763
379,1.5203,28.4332
380,1.5142,28.6802
381,1.51,28.7
382,1.5184,28.991
383,1.521,29.5807
384,1.5405,29.4145
385,1.538,29.4027
386,1.5355,29.1475
387,1.5317,29.4047
388,1.512,29.1922
389,1.5544,29.1574
390,1.56,30.491
391,1.5593,30.4355
392,1.594,30.894
393,1.5931,31.1175
394,1.6255,31.3087
395,1.6087,31.7365
396,1.63,32.3669
397,1.6457,32.53
398,1.672,33.388
399,1.6511,32.9967
400,1.6523,32.6543
401,1.668,32.6343
402,1.633,32.859
403,1.6285,32.7926
404,1.617,33.0615
405,1.6372,33.919
406,1.6432,35.0885
407,1.6491,35.7364
408,1.637,36.13
409,1.645,35.9697
410,1.6265,36.2747
411,1.617,36.3701
412,1.6123,36.1653
413,1.6428,35.8811
414,1.6365,35.844
415,1.647,35.0995
416,1.6475,34.6473
417,1.6691,34.6258
418,1.6974,35.1582
419,1.698,36.3496
420,1.6984,36.3358
421,1.7005,35.8934
422,1.697,35.9353
423,1.683,36.0719
424,1.69,35.839
425,1.6915,35.8258
426,1.7001,35.665
427,1.7325,35.9137
428,1.7341,36.1723
429,1.7199,36.2292
430,1.7882,35.9451
431,1.7902,35.8987
432,1.808,35.7676
433,1.7556,35.651
434,1.7425,35.0489
435,1.6943,34.9887
436,1.703,35.0001
437,1.696,34.681
438,1.6981,34.6429
439,1.6862,34.4936
440,1.7113,33.9635
441,1.6906,33.3446
442,1.662,33.5061
443,1.6529,33.1953
444,1.6608,33.4827
445,1.6543,33.5805
446,1.671,33.411
447,1.6855,33.7845
448,1.665,33.9795
449,1.6221,33.954
450,1.593,33.9555
451,1.5798,33.3881
452,1.588,33.3075
453,1.6005,33.3653
454,1.5817,33.5714
455,1.5679,33.67
456,1.5682,33.6332
457,1.5712,33.509
458,1.5956,33.2925
459,1.5978,33.4075
460,1.602,33.4142
461,1.6104,33.4083
462,1.6545,33.4626
463,1.6391,33.9195
464,1.6372,34.1815
465,1.637,33.9236
466,1.6087,33.501
467,1.63,33.1886
468,1.6065,33.4705
469,1.5877,33.3718
470,1.5973,33.192
471,1.591,33.1005
472,1.5646,33.0628
473,1.567,32.8035
474,1.5589,32.8541
475,1.5613,32.7948
476,1.5387,32.5905
477,1.5713,32.3452
478,1.564,32.285
479,1.579,32.135
480,1.5669,32.0225
481,1.5708,32.1325
482,1.5422,32.1275
483,1.535,32.0611
484,1.5267,31.8562
485,1.5375,31.5523
486,1.5485,31.3242
487,1.5374,31.0525
488,1.5567,31.0011
489,1.5652,31.2961
490,1.5609,31.2439
491,1.5333,31.3292
492,1.5233,30.97
493,1.5218,30.6191
494,1.5475,30.5471
495,1.5357,30.9204
496,1.5366,30.8333
497,1.5573,30.878
498,1.5462,31.4016
499,1.5513,31.1328
500,1.5348,30.9336
501,1.5323,30.8587
502,1.5485,30.938
503,1.5507,31.3056
504,1.5598,31.2075
505,1.5523,31.2538
506,1.5503,31.1871
507,1.5787,31.0838
508,1.5666,31.3702
509,1.554,31.184
510,1.5473,31.2487
511,1.5336,31.3124
512,1.5397,31.1214
513,1.5403,31.2003
514,1.526,31.1527
515,1.5408,31.0113
516,1.5351,31.2279
517,1.543,31.2771
518,1.5497,31.459
519,1.562,31.5295
520,1.5428,31.8938
521,1.5509,31.7497
522,1.5433,32.6983
523,1.5461,32.7668
524,1.5273,32.2492
525,1.524,31.8611
526,1.5251,31.6594
527,1.505,31.7713
528,1.5067,31.0415
529,1.4891,31.031
530,1.4928,31.1534
531,1.4783,31.1505
532,1.4745,30.9989
533,1.48,30.732
534,1.5009,31.097
535,1.4787,31.6297
536,1.4707,31.5112
537,1.453,31.4644
538,1.4611,30.966
539,1.4653,31.063
540,1.4794,31.1735
541,1.4637,31.3367
542,1.482,31.655
543,1.5005,31.8556
544,1.4915,32.2192
545,1.4755,32.3718
546,1.4895,31.764
547,1.5052,31.6742
548,1.493,32.2431
549,1.4973,31.9352
550,1.4908,31.8356
551,1.4845,31.8357
552,1.4972,31.647
553,1.4933,31.3849
554,1.508,31.296
555,1.4997,31.5693
556,1.498,31.6955
557,1.5006,31.6199
558,1.5184,31.7919
559,1.5128,31.9135
560,1.5053,31.9396
561,1.4897,31.7512
562,1.4883,31.5799
563,1.4872,31.4912
564,1.4999,31.2091
565,1.4967,31.0179
566,1.492,30.8598
567,1.4929,30.6555
568,1.4767,30.8054
569,1.471,30.7875
570,1.4681,30.567
571,1.4813,30.352
572,1.492,30.235
573,1.4778,30.367
574,1.4825,30.0875
575,1.4884,29.9967
576,1.4842,30.0741
577,1.4922,30.1423
578,1.4915,30.138
579,1.4848,30.127
580,1.5001,30.0154
581,1.4925,30.0905
582,1.4804,30.16
583,1.4675,29.999
584,1.4696,29.8252
585,1.4594,29.7585
586,1.4635,29.5264
587,1.4564,29.6426
588,1.4549,29.4913
589,1.4425,29.5458
590,1.4448,29.4119
591,1.461,29.384
592,1.4506,29.427
593,1.4655,29.2855
594,1.4633,29.2325
595,1.4648,29.093
596,1.472,29.0708
597,1.4898,28.9472
598,1.4944,29.051
599,1.508,29.297
600,1.489,29.2643
601,1.5054,29.1766
602,1.5016,29.1384
603,1.5018,29.2424
604,1.4914,29.3473
605,1.4859,29.177
606,1.4839,29.0204
607,1.4731,29.0719
608,1.4769,28.7305
609,1.4747,28.7329
610,1.484,28.7057
611,1.4759,28.89
612,1.476,28.8545
613,1.4802,28.688
614,1.4801,28.8145
615,1.4923,28.702
616,1.4974,28.8058
617,1.4973,29.007
618,1.4973,28.7907
619,1.4875,28.813
620,1.5289,28.7815
621,1.5234,29.257
622,1.5273,29.3322
623,1.5022,29.264
624,1.5015,29.056
625,1.4866,29.358
626,1.4925,29.1646
627,1.4878,29.483
628,1.5072,29.8972
629,1.5071,30.599
630,1.4988,30.4594
631,1.507,30.425
632,1.4997,30.2624
633,1.5097,30.063
634,1.507,30.1915
635,1.5208,30.267
636,1.5196,30.8339
637,1.5246,30.6441
638,1.5253,30.5145
639,1.5205,30.5485
640,1.5147,30.1999
641,1.5123,29.6173
642,1.5119,29.675
643,1.5107,29.7195
644,1.5079,30.156
645,1.4986,30.3135
646,1.4739,30.035
647,1.4727,29.905
648,1.4712,29.836
649,1.4708,29.715
650,1.4585,29.775
651,1.4493,29.765
652,1.4533,29.327
653,1.4519,29.5095
654,1.4561,29.5967
655,1.457,29.475
656,1.4513,29.545
657,1.4563,29.5909
658,1.4743,29.606
659,1.4866,29.7513
660,1.4884,29.756
661,1.4867,29.84
662,1.4917,30.1172
663,1.5001,30.3188
664,1.4964,30.3078
665,1.4972,30.3568
666,1.4824,30.3482
667,1.4871,30.3324
668,1.4935,30.115
669,1.525,29.995
670,1.5289,30.4295
671,1.5221,30.46
672,1.5102,30.4861
673,1.5152,30.249
674,1.5115,30.315
675,1.5146,30.1775
676,1.5166,30.2025
677,1.5044,30.2252
678,1.5127,30.0268
679,1.5235,30.1235
680,1.5132,30.03
681,1.5309,30.0125
682,1.5517,29.985
683,1.5444,29.99
684,1.5472,30.021
685,1.5498,30.0405
686,1.5366,29.9485
687,1.534,29.9635
688,1.5387,29.853
689,1.5513,29.763
690,1.5395,29.866
691,1.5316,29.7916
692,1.5327,29.753
693,1.5314,29.744
694,1.5321,29.568
695,1.5278,29.474
696,1.5276,29.2977
697,1.5204,29.432
698,1.5136,29.3458
699,1.5263,29.1362
700,1.5359,29.2924
701,1.5379,29.3253
702,1.5356,29.5268
703,1.5514,29.5203
704,1.5444,29.6675
705,1.5385,29.58
706,1.5288,29.6215
707,1.53,29.5263
708,1.5176,29.507
709,1.5153,29.4205
710,1.5149,29.27
711,1.5075,29.27
712,1.5042,29.1888
713,1.5007,29.3263
714,1.4968,29.3095
715,1.4887,29.4194
716,1.4861,29.1525
717,1.4841,29.0261
718,1.4735,29.1
719,1.4708,28.9194
720,1.4852,29.0239
721,1.4909,29.092
722,1.4874,29.1835
723,1.4818,29.1398
724,1.4862,29.126
725,1.4825,29.2218
726,1.4747,29.1225
727,1.5038,29.106
728,1.4974,29.3462
729,1.4843,29.44
730,1.4882,29.1928
731,1.4921,29.2537
732,1.5231,29.355
733,1.5358,29.6613
734,1.5942,30.051
735,1.5608,30.5988
736,1.5261,30.615
737,1.5361,30.1567
738,1.5232,30.1548
739,1.5226,29.9725
740,1.5454,30.01
741,1.543,30.505
742,1.5625,30.6575
743,1.5738,30.435
744,1.598,30.8213
745,1.5777,31.425
746,1.5771,31.0775
747,1.5818,30.9225
748,1.5878,31.53
749,1.5594,31.1425
750,1.5675,30.5388
751,1.573,30.6575
752,1.5839,30.9025
753,1.5763,31.01
754,1.5863,31.0625
755,1.6077,31.09
756,1.6128,31.4763
757,1.6011,31.7775
758,1.6035,31.8
759,1.5798,31.4813
760,1.579,31.465
761,1.5768,31.5816
762,1.5636,31.654
763,1.563,31.2325
764,1.5615,31.1388
765,1.555,31.043
766,1.5577,30.9961
767,1.5668,30.7851
768,1.5715,30.8893
769,1.58,31.1599
770,1.5735,31.0038
771,1.5742,31.0306
772,1.5918,31.0394
773,1.5845,31.3363
774,1.5799,31.2095
775,1.5655,31.2763
776,1.5644,31.115
777,1.555,31.175
778,1.552,30.9588
779,1.551,31.0638
780,1.5543,30.9125
781,1.5554,30.8425
782,1.5444,30.8088
783,1.54,30.555
784,1.5334,30.515
785,1.5399,30.4775
786,1.5388,30.5324
787,1.5304,30.5088
788,1.5339,30.4644
789,1.5205,30.4562
790,1.5224,30.3681
791,1.513,30.4063
792,1.5088,30.23
793,1.5123,30.2463
794,1.5125,30.2488
795,1.5078,30.1663
796,1.4948,30.205
797,1.4928,29.9625
798,1.498,29.685
799,1.5028,29.825
800,1.4893,29.8775
801,1.4923,29.8113
802,1.4981,29.91
803,1.521,30.115
804,1.5202,30.4675
805,1.5177,30.5113
806,1.5112,30.5975
807,1.4977,30.4793
808,1.5027,30.3787
809,1.5109,30.4169
810,1.5142,30.5081
811,1.5291,30.6525
812,1.5333,30.6969
813,1.527,30.8538
814,1.523,30.9388
815,1.5161,30.7663
816,1.5262,30.6438
817,1.5265,30.7238
818,1.5165,30.8038
819,1.5105,30.6938
820,1.5,30.7013
821,1.5027,30.6313
822,1.5175,30.6238
823,1.5155,30.8813
824,1.512,30.8252
825,1.5103,30.8675
826,1.4954,30.8513
827,1.491,30.6438
828,1.4909,30.5962
829,1.4955,30.9788
830,1.494,31.16
831,1.4913,31.0125
832,1.4869,31.0088
833,1.4856,31.0763
834,1.4863,31.045
835,1.4735,31
836,1.4726,30.6925
837,1.4643,30.5358
838,1.4521,30.39
839,1.4456,30.4085
840,1.4421,30.535
841,1.4546,30.4525
842,1.4281,30.4692
843,1.4196,30.0413
844,1.4268,29.7325
845,1.4156,29.8568
846,1.4144,29.847
847,1.4097,29.91
848,1.4066,30.0791
849,1.4075,30.0881
850,1.4142,30.0625
851,1.4164,30.3006
852,1.4382,30.385
853,1.4252,30.64
854,1.4289,30.6769
855,1.4263,30.5713
856,1.4161,30.4244
857,1.4274,30.3331
858,1.4419,30.45
859,1.4311,30.7421
860,1.4329,30.6494
861,1.4261,30.8006
862,1.4126,30.8063
863,1.4038,30.7419
864,1.395,30.8356
865,1.397,30.59
866,1.4092,30.6319
867,1.4162,30.7874
868,1.4162,30.7106
869,1.4367,30.6825
870,1.4395,30.635
871,1.4462,30.8588
872,1.464,30.9504
873,1.4578,31.2564
874,1.4452,31.3043
875,1.442,31.0538
876,1.4545,31.095
877,1.4855,31.1425
878,1.4785,31.3863
879,1.4706,31.2605
880,1.4877,31.1666
881,1.5044,31.3986
882,1.5044,31.4386
883,1.4889,31.4755
884,1.484,31.3824
885,1.4763,31.1938
886,1.4811,31.1838
887,1.4841,31.2488
888,1.4942,31.0663
889,1.5082,31.098
890,1.5053,30.925
891,1.5058,30.9175
892,1.5135,30.713
893,1.5245,30.6737
894,1.522,30.6888
895,1.5456,30.7575
896,1.5595,30.8063
897,1.557,30.8326
898,1.5511,30.7525
899,1.5461,30.683
900,1.5472,30.5875
901,1.5456,30.4562
902,1.5624,30.4025
903,1.5521,30.3288
904,1.5554,30.445
905,1.5439,30.5875
906,1.5569,30.537
907,1.5403,30.552
908,1.5445,30.577
909,1.5526,30.4963
910,1.5751,30.577
911,1.577,30.6412
912,1.5782,30.577
913,1.5605,30.5407
914,1.5493,30.1919
915,1.5526,29.9796
916,1.5424,30.1067
917,1.541,29.9726
918,1.5491,29.895
919,1.5839,29.828
920,1.573,30.0045
921,1.5632,29.9167
922,1.5687,29.7752
923,1.576,29.785
924,1.5813,29.7293
925,1.6148,29.6533
926,1.6043,29.7939
927,1.5787,29.791
928,1.5766,29.5042
929,1.5944,29.457
930,1.5851,29.413
931,1.577,29.4052
932,1.5753,29.322
933,1.5898,29.238
934,1.5916,29.2774
935,1.5878,29.3215
936,1.595,29.3232
937,1.5973,29.273
938,1.5838,29.2945
939,1.5743,29.235
940,1.5779,29.267
941,1.5918,29.1666
942,1.5984,29.1615
943,1.6087,29.2807
944,1.6034,29.1769
945,1.5985,28.9957
946,1.598,28.8913
947,1.6158,28.8705
948,1.6191,28.7238
949,1.5969,28.387
950,1.5982,28.2145
951,1.5967,28.1741
952,1.5891,28.2416
953,1.5803,28.255
954,1.5837,28.3738
955,1.5827,28.5456
956,1.5687,28.615
957,1.579,28.508
958,1.5915,28.737
959,1.5893,28.701
960,1.5788,28.6475
961,1.577,28.4442
962,1.5622,28.2635
963,1.5576,28.204
964,1.5514,28.3555
965,1.5561,28.2863
966,1.5614,28.3294
967,1.5558,28.33
968,1.552,28.3821
969,1.5452,28.4829
970,1.5299,28.418
971,1.5321,28.3018
972,1.5294,28.311
973,1.5139,28.2812
974,1.5117,28.217
975,1.5106,28.2211
976,1.5163,28.0369
977,1.5233,28.0313
978,1.5195,28.1114
979,1.5174,28.201
980,1.5126,28.2088
981,1.5414,28.1317
982,1.5296,28.332
983,1.5192,28.3097
984,1.5211,28.102
985,1.518,27.9605
986,1.5263,28.0114
987,1.525,27.8724
988,1.5163,27.7845
989,1.5247,27.68
990,1.5212,27.543
991,1.5218,27.3848
992,1.5336,27.2763
993,1.5471,27.2996
994,1.5488,27.3336
995,1.5445,27.6389
996,1.5467,27.7069
997,1.5597,27.9473
998,1.5871,27.7523
999,1.5777,27.7981
1000,1.5971,27.9392
1001,1.5921,28.1475
1002,1.5854,28.0742
1003,1.5727,28.2136
1004,1.5742,27.9577
1005,1.586,27.9479
1006,1.6035,28.1734
1007,1.5981,28.5023
1008,1.606,28.3703
1009,1.6033,28.3696
1010,1.6052,28.2913
1011,1.6039,28.045
1012,1.5934,28.0919
1013,1.5996,27.994
1014,1.5809,27.9436
1015,1.5733,27.9116
1016,1.5869,27.8085
1017,1.5809,27.8239
1018,1.5824,27.717
1019,1.5728,27.7344
1020,1.5753,27.7359
1021,1.5759,27.9785
1022,1.5853,27.9863
1023,1.6078,27.8342
1024,1.6101,28.0667
1025,1.596,28.1665
1026,1.6011,28.0526
1027,1.612,28.0951
1028,1.6175,27.9195
1029,1.6305,27.9371
1030,1.6365,28.2788
1031,1.6372,28.2478
1032,1.6426,28.2377
1033,1.6219,28.11
1034,1.623,27.929
1035,1.6069,27.8693
1036,1.6159,27.8175
1037,1.6268,27.7991
1038,1.6326,27.8554
1039,1.6173,27.985
1040,1.6275,27.9112
1041,1.6465,27.9881
1042,1.6504,28.2144
1043,1.6429,28.2961
1044,1.6465,28.0544
1045,1.6512,28.1284
1046,1.6589,28.0728
1047,1.658,28.1981
1048,1.6618,28.0571
1049,1.6662,28.0065
1050,1.6971,27.7447
1051,1.7154,27.7703
1052,1.698,27.7068
1053,1.6909,27.5101
1054,1.6771,27.5348
1055,1.6885,27.5961
1056,1.6924,27.6119
1057,1.7098,27.7956
1058,1.6944,27.8254
1059,1.7406,27.8743
1060,1.7454,28.1366
1061,1.7816,28.3321
1062,1.7555,28.9566
1063,1.7766,29.8781
1064,1.7815,29.8256
1065,1.7783,29.4888
1066,1.7659,29.101
1067,1.7765,28.6299
1068,1.7698,28.6758
1069,1.7846,28.791
1070,1.7874,29.0988
1071,1.7857,29.0048
1072,1.769,29.1005
1073,1.7846,28.9525
1074,1.7554,28.9506
1075,1.7505,28.9342
1076,1.7291,28.8082
1077,1.7329,28.792
1078,1.7156,28.9127
1079,1.7226,28.8286
1080,1.7526,28.9655
1081,1.7704,29.1651
1082,1.7593,29.4625
1083,1.7582,29.6675
1084,1.7687,29.4832
1085,1.7912,29.6303
1086,1.7872,30.0495
1087,1.7669,30.3381
1088,1.7771,30.2323
1089,1.7815,30.4699
1090,1.7773,30.41
1091,1.8052,30.5518
1092,1.7876,31.2841
1093,1.8267,31.375
1094,1.843,31.4041
1095,1.8376,32.0984
1096,1.8528,32.0775
1097,1.8491,32.404
1098,1.861,31.6992
1099,1.8526,31.715
1100,1.8599,31.9553
1101,1.8904,32.184
1102,1.8878,32.5662
1103,1.8678,32.7211
1104,1.8458,32.5551
1105,1.8488,32.3777
1106,1.8297,32.3443
1107,1.8405,31.5611
1108,1.821,31.545
1109,1.8368,31.1048
1110,1.8323,31.211
1111,1.8658,30.8775
1112,1.8573,30.9135
1113,1.8691,31.1585
1114,1.858,31.0175
1115,1.8338,31.51
1116,1.7998,31.0985
1117,1.7796,30.5905
1118,1.7581,30.5077
1119,1.7474,30.6962
1120,1.7444,29.9142
1121,1.7711,29.8082
1122,1.7928,30.2417
1123,1.7789,30.8002
1124,1.7532,30.6877
1125,1.7676,30.4738
1126,1.7772,30.6876
1127,1.7698,30.5278
1128,1.8016,30.3183
1129,1.7917,30.5774
1130,1.7772,30.642
1131,1.7839,30.2868
1132,1.799,30.5404
1133,1.807,30.6889
1134,1.8286,30.7312
1135,1.8298,30.8204
1136,1.8577,30.8579
1137,1.8512,31.1629
1138,1.8732,31.0915
1139,1.8701,31.5075
1140,1.8854,31.4819
1141,1.8595,31.5213
1142,1.8512,31.38
1143,1.8281,31.241
1144,1.8284,30.6995
1145,1.8302,30.737
1146,1.8323,30.9472
1147,1.8343,30.8869
1148,1.8303,31.3649
1149,1.8469,31.2797
1150,1.8425,31.4729
1151,1.8702,31.491
1152,1.881,31.661
1153,1.8878,31.6916
1154,1.8776,31.8814
1155,1.8875,31.846
1156,1.9056,31.9841
1157,1.8841,32.0979
1158,1.8851,31.9907
1159,1.8908,31.7473
1160,1.9015,31.3513
1161,1.8926,31.1815
1162,1.8993,31.1358
1163,1.9219,31.4431
1164,1.9168,31.7945
1165,1.8909,32.1228
1166,1.8951,32.137
1167,1.8735,32.1488
1168,1.8776,31.6978
1169,1.8814,31.8402
1170,1.8792,32.0474
1171,1.8694,31.98
1172,1.8682,31.9775
1173,1.855,31.5682
1174,1.8508,31.7463
1175,1.862,31.578
1176,1.8538,31.8525
1177,1.8419,31.694
1178,1.83,31.6187
1179,1.8252,31.4757
1180,1.8298,31.3084
1181,1.8183,31.3227
1182,1.8201,30.865
1183,1.806,30.79
1184,1.7935,30.7148
1185,1.776,30.2313
1186,1.7863,30.1197
1187,1.7765,30.414
1188,1.7558,30.343
1189,1.7573,30.1284
1190,1.7527,30.1827
1191,1.7582,30.192
1192,1.7488,30.1175
1193,1.7488,29.825
1194,1.752,29.7476
1195,1.762,29.6997
1196,1.7646,30.0431
1197,1.7693,29.875
1198,1.7683,30.0675
1199,1.7618,30.027
1200,1.7544,30.1095
1201,1.7424,29.9376
1202,1.7523,29.7727
1203,1.7592,29.7332
1204,1.7586,29.6853
1205,1.7666,29.5989
1206,1.7661,29.1696
1207,1.7523,29
1208,1.7486,28.967
1209,1.7537,29.1738
1210,1.768,29.1984
1211,1.7705,29.3099
1212,1.7899,29.3421
1213,1.7813,29.628
1214,1.7762,29.6271
1215,1.7873,29.3757
1216,1.7952,29.4223
1217,1.7907,29.6042
1218,1.8078,29.4191
1219,1.7981,29.5217
1220,1.795,29.3623
1221,1.8046,29.2496
1222,1.8243,29.1609
1223,1.8139,29.2484
1224,1.8087,29.2657
1225,1.8007,29.4403
1226,1.7848,29.2735
1227,1.7881,28.9802
1228,1.7809,29.0392
1229,1.785,29.4106
1230,1.7826,29.4996
1231,1.7776,29.347
1232,1.7823,29.2846
1233,1.7941,29.2004
1234,1.7914,29.472
1235,1.7946,29.4563
1236,1.7992,29.5592
1237,1.8145,29.6495
1238,1.8082,29.8034
1239,1.7937,29.6549
1240,1.7975,29.4225
1241,1.7962,29.603
1242,1.7881,29.639
1243,1.7882,29.4797
1244,1.7917,29.5214
1245,1.793,29.5286
1246,1.7948,29.4414
1247,1.7803,29.5409
1248,1.7699,29.3479
1249,1.762,29.353
1250,1.7611,29.3252
1251,1.7573,29.3127
1252,1.7545,29.382
1253,1.7607,29.3485
1254,1.7633,29.4137
1255,1.7583,29.5375
1256,1.7605,29.7859
1257,1.7768,30.0013
1258,1.7942,30.172
1259,1.7841,30.3622
1260,1.7842,30.1318
1261,1.8097,30.1432
1262,1.8254,30.3834
1263,1.826,30.6019
1264,1.8298,31.0023
1265,1.8358,31.0875
1266,1.8238,31.3026
1267,1.8438,31.1257
1268,1.8502,31.1797
1269,1.8474,31.7752
1270,1.8496,31.7793
1271,1.8369,32.065
1272,1.8327,32.0998
1273,1.8568,32.3396
1274,1.8673,32.8094
1275,1.8583,33.412
1276,1.8516,33.6741
1277,1.8463,33.5148
1278,1.8286,33.0691
1279,1.8268,32.3401
1280,1.8222,32.2827
1281,1.8307,32.4898
1282,1.8254,32.814
1283,1.82,32.992
1284,1.815,32.4869
1285,1.8124,32.5015
1286,1.8117,32.3521
1287,1.8007,32.4102
1288,1.7932,32.3505
1289,1.8073,32.596
1290,1.8147,33.1951
1291,1.8221,33.1542
1292,1.8078,33.2624
1293,1.814,32.864
1294,1.8275,32.9585
1295,1.8083,33.1045
1296,1.8044,32.4245
1297,1.7967,32.5424
1298,1.8068,32.0925
1299,1.8091,32.331
1300,1.8182,32.4945
1301,1.8212,32.8995
1302,1.8172,32.9396
1303,1.8095,32.8802
1304,1.8211,32.6875
1305,1.8111,32.715
1306,1.8088,32.5826
1307,1.8049,32.526
1308,1.8021,32.4376
1309,1.8025,32.2431
1310,1.8082,31.8275
1311,1.8194,32.0398
1312,1.8284,32.6266
1313,1.8217,32.9805
1314,1.8129,32.7613
1315,1.812,32.3628
1316,1.8015,32.0788
1317,1.7952,32.18
1318,1.8083,32.2003
1319,1.8015,32.3044
1320,1.7788,32.6065
1321,1.7765,31.96
1322,1.7865,31.5286
1323,1.7808,31.5412
1324,1.7832,31.5319
1325,1.7822,31.7673
1326,1.7941,31.8078
1327,1.8034,31.8651
1328,1.7987,31.8545
1329,1.7944,31.87
1330,1.8003,31.8585
1331,1.8032,32.0443
1332,1.7944,32.07
1333,1.7933,31.7675
1334,1.7937,31.9053
1335,1.7975,31.6755
1336,1.8034,31.794
1337,1.8103,31.9325
1338,1.8218,31.9806
1339,1.8268,32.219
1340,1.8179,32.5643
1341,1.819,32.3078
1342,1.8214,32.2773
1343,1.8187,32.3165
1344,1.8097,32.2673
1345,1.7969,31.9857
1346,1.8028,31.646
1347,1.8046,31.6516
1348,1.8076,31.477
1349,1.8003,31.478
1350,1.7967,31.2321
1351,1.7983,30.4579
1352,1.7968,30.6051
1353,1.794,30.9154
1354,1.7984,31.1801
1355,1.7943,31.244
1356,1.7983,31.02
1357,1.7923,31.1566
1358,1.7921,31.0544
1359,1.7883,31.332
1360,1.797,31.02
1361,1.7919,31.18
1362,1.792,31.1055
1363,1.8049,31.08
1364,1.7984,31.1673
1365,1.8058,30.9221
1366,1.8108,30.9943
1367,1.8246,31.1483
1368,1.8183,31.165
1369,1.8073,31.1515
1370,1.807,31.022
1371,1.8103,31.106
1372,1.8031,31.0598
1373,1.7986,30.8706
1374,1.7968,30.7569
1375,1.7942,30.7457
1376,1.7953,30.8913
1377,1.8016,31.1115
1378,1.8029,31.4245
1379,1.8013,31.4335
1380,1.8005,31.335
1381,1.8048,31.3804
1382,1.7964,31.5085
1383,1.7926,31.3685
1384,1.788,31.353
1385,1.7926,31.2946
1386,1.7816,31.4725
1387,1.7728,31.6267
1388,1.7859,31.426
1389,1.7858,31.5179
1390,1.7903,31.54
1391,1.8012,31.575
1392,1.8075,31.6335
1393,1.8067,31.7394
1394,1.801,31.7167
1395,1.8,31.6657
1396,1.7977,31.7403
1397,1.7943,31.4305
1398,1.8022,31.2955
1399,1.7973,31.1763
1400,1.7938,31.181
1401,1.796,31.0653
1402,1.7919,31.0295
1403,1.7919,31.056
1404,1.7862,31.1428
1405,1.7872,30.9068
1406,1.7865,30.8806
1407,1.784,30.902
1408,1.7861,30.8595
1409,1.7889,30.7728
1410,1.7892,30.895
1411,1.7894,30.8138
1412,1.7832,30.7341
1413,1.7771,30.7132
1414,1.7812,30.587
1415,1.778,30.6923
1416,1.7841,30.7147
1417,1.7787,30.9979
1418,1.7839,30.7473
1419,1.7868,30.764
1420,1.7967,30.7075
1421,1.7963,30.8341
1422,1.7939,30.6028
1423,1.7939,30.651
1424,1.7894,30.5662
1425,1.7898,30.3234
1426,1.7836,30.345
1427,1.7849,30.525
1428,1.7786,30.558
1429,1.7848,30.173
1430,1.7825,30.169
1431,1.7798,30.389
1432,1.7789,30.36
1433,1.7752,30.3158
1434,1.7675,30.3389
1435,1.7705,30.2356
1436,1.7694,30.3343
1437,1.7691,30.249
1438,1.764,30.267
1439,1.753,30.2958
1440,1.76,30.2297
1441,1.764,30.2759
1442,1.7685,30.2657
1443,1.7714,30.243
1444,1.7686,30.1831
1445,1.767,30.0531
1446,1.7726,30.0364
1447,1.7681,30.1898
1448,1.7678,30.0457
1449,1.7588,30.0337
1450,1.749,30.0056
1451,1.7613,29.8546
1452,1.7612,30.0573
1453,1.7694,29.9601
1454,1.7739,30.0848
1455,1.7711,30.2308
1456,1.7761,30.1498
1457,1.7723,30.1723
1458,1.7638,30.0502
1459,1.7682,30.056
1460,1.767,30.1118
1461,1.7672,30.1185
1462,1.7764,30.1225
1463,1.7834,30.0811
1464,1.7934,30.1672
1465,1.8,30.4674
1466,1.8093,30.4491
1467,1.8068,30.4373
1468,1.7975,30.6784
1469,1.7985,30.5434
1470,1.7975,30.6036
1471,1.7989,30.7353
1472,1.7915,30.7885
1473,1.7982,30.6737
1474,1.7973,30.7477
1475,1.8065,30.7049
1476,1.7984,30.7848
1477,1.8028,30.7463
1478,1.8123,30.7158
1479,1.8098,30.8165
1480,1.8061,30.7272
1481,1.8128,30.645
1482,1.825,30.7713
1483,1.8176,30.981
1484,1.8184,30.8602
1485,1.8142,30.916
1486,1.8221,30.819
1487,1.8134,30.9377
1488,1.8139,30.9056
1489,1.8101,31.0605
1490,1.8103,31.1004
1491,1.8052,31.0564
1492,1.8038,31.0848
1493,1.8082,31.303
1494,1.8028,31.5949
1495,1.7929,31.6348
1496,1.7861,31.5458
1497,1.784,31.267
1498,1.7889,31.0274
1499,1.7841,30.878
1500,1.7883,30.8276
1501,1.7924,31.0859
1502,1.788,31.4145
1503,1.7998,31.3073
1504,1.7967,31.8425
1505,1.8002,31.5845
1506,1.8046,31.7211
1507,1.8042,31.5805
1508,1.8023,31.6055
1509,1.799,31.4705
1510,1.798,31.1382
1511,1.7957,31.2733
1512,1.7924,30.941
1513,1.7928,31.0622
1514,1.7933,31.332
1515,1.7943,31.2024
1516,1.7975,31.047
1517,1.7967,31.0455
1518,1.7909,31.0444
1519,1.798,31.0978
1520,1.801,31.136
1521,1.8115,31.4208
1522,1.8155,31.3368
1523,1.8222,31.3391
1524,1.824,31.5049
1525,1.8418,31.3426
1526,1.8411,31.4358
1527,1.8434,31.2546
1528,1.8494,31.2116
1529,1.8462,31.2825
1530,1.8468,31.3906
1531,1.8454,31.384
1532,1.859,31.3538
1533,1.8611,31.4907
1534,1.8743,31.6288
1535,1.8757,31.708
1536,1.8828,31.8777
1537,1.8768,31.7918
1538,1.8928,31.9496
1539,1.8931,32.1816
1540,1.8752,32.1964
1541,1.9015,32.1608
1542,1.8906,32.2928
1543,1.8751,32.4141
1544,1.8611,32.1998
1545,1.8592,31.9724
1546,1.874,31.7216
1547,1.8863,31.7465
1548,1.9022,31.99
1549,1.9373,32.248
1550,1.939,32.8488
1551,1.9458,32.825
1552,1.9348,32.9305
1553,1.9348,32.8571
1554,1.9208,32.9538
1555,1.9281,32.7739
1556,1.9234,32.8395
1557,1.9337,32.9608
1558,1.9466,33.1044
1559,1.9424,33.1418
1560,1.9675,33.204
1561,1.946,33.3168
1562,1.9418,33.2056
1563,1.9476,33.0257
1564,1.9514,32.9184
1565,1.9542,32.5831
1566,1.9334,32.6265
1567,1.9204,32.5988
1568,1.9115,32.4319
1569,1.9208,32.3405
1570,1.9181,32.4684
1571,1.9114,32.3685
1572,1.8998,32.3089
1573,1.9203,32.3327
1574,1.9205,32.4535
1575,1.926,32.6917
1576,1.9275,32.8227
1577,1.9228,32.8093
1578,1.9342,32.9631
1579,1.9468,33.0038
1580,1.9254,33.085
1581,1.9302,32.8188
1582,1.9251,32.9233
1583,1.9321,32.9628
1584,1.9224,32.9758
1585,1.9195,32.8086
1586,1.9245,32.8618
1587,1.934,33
1588,1.9343,33.0879
1589,1.9325,33.0841
1590,1.9439,32.9786
1591,1.9545,32.9267
1592,1.9491,32.945
1593,1.9788,32.9271
1594,1.9936,33.1081
1595,1.9875,33.0424
1596,1.9967,33.004
1597,2.0363,33.0381
1598,2.0386,33.1518
1599,2.0358,33.1724
1600,2.0381,33.2106
1601,2.0215,33.2923
1602,2.0589,33.3696
1603,2.05,33.5163
1604,2.0685,33.3174
1605,2.0498,33.4323
1606,2.0259,33.3165
1607,2.0138,33.152
1608,2.0117,32.9772
1609,2.0306,32.8066
1610,2.0286,32.6452
1611,2.0045,32.4693
1612,2.0013,32.267
1613,1.9491,32.2115
1614,1.9604,32.2723
1615,1.9787,31.6684
1616,1.9857,31.8142
1617,1.9977,31.7907
1618,2.0162,31.8642
1619,2.0234,32.0572
1620,2.0308,32.314
1621,2.0185,32.3319
1622,2.0099,32.3906
1623,1.9935,32.2254
1624,2.0028,32.2068
1625,1.987,32.1843
1626,1.9937,32.1799
1627,1.9881,32.2487
1628,1.9819,32.3952
1629,1.9744,32.3809
1630,1.9809,32.2031
1631,1.9819,32.293
1632,1.9882,32.3021
1633,1.9728,32.253
1634,1.966,32.1211
1635,1.9688,31.8895
1636,1.9803,31.8246
1637,1.9673,31.9543
1638,1.9762,31.6832
1639,1.9799,31.7467
1640,1.9837,31.7158
1641,1.9843,31.8098
1642,1.9919,31.9267
1643,1.9948,32.0679
1644,1.9968,31.9258
1645,2.0172,32.0913
1646,2.0158,32.3998
1647,2.0296,32.3386
1648,2.0354,32.5493
1649,2.0352,32.4063
1650,2.0383,32.3895
1651,2.0437,32.6467
1652,2.0552,32.8277
1653,2.0449,32.8955
1654,2.0335,32.7599
1655,2.0295,32.6528
1656,2.0221,32.587
1657,2.011,32.5478
1658,2.0153,32.7137
1659,2.0164,32.902
1660,2.0054,33.0308
1661,2.0078,32.7643
1662,2.012,32.9554
1663,2.0253,32.9762
1664,2.0149,33.1924
1665,2.0192,33.167
1666,2.0387,33.12
1667,2.0433,33.223
1668,2.0485,33.26
1669,2.0368,33.1917
1670,2.0259,32.966
1671,2.0321,32.723
1672,2.0274,32.7574
1673,2.0429,32.7223
1674,2.0433,32.7607
1675,2.0391,32.7973
1676,2.0268,32.8727
1677,2.0356,32.9007
1678,2.0577,32.946
1679,2.0726,32.87
1680,2.0916,32.9706
1681,2.0975,32.9925
1682,2.0772,32.6319
1683,2.0956,32.6349
1684,2.127,32.6843
1685,2.1549,32.6608
1686,2.1235,32.5794
1687,2.1482,32.8445
1688,2.1483,32.8696
1689,2.1712,32.855
1690,2.1795,33.0887
1691,2.1712,33.1969
1692,2.1672,33.2337
1693,2.1855,33.1449
1694,2.1778,33.1982
1695,2.1645,33.2311
1696,2.1794,33.0562
1697,2.1841,33.2802
1698,2.1911,33.3149
1699,2.2069,33.3672
1700,2.2332,33.4171
1701,2.2402,33.5557
1702,2.2513,33.764
1703,2.2585,33.9399
1704,2.2925,33.9546
1705,2.3365,34.0892
1706,2.2833,34.5518
1707,2.2525,34.73
1708,2.2611,34.8348
1709,2.2692,35.087
1710,2.2565,34.8651
1711,2.2835,35.1537
1712,2.2382,35.4498
1713,2.2382,35.0616
1714,2.2097,34.9115
1715,2.2193,34.6628
1716,2.2154,34.7567
1717,2.1931,34.7578
1718,2.1928,34.738
1719,2.1842,34.8296
1720,2.1834,35.1693
1721,2.1768,35.1651
1722,2.1801,35.2477
1723,2.2145,35.4425
1724,2.2007,35.6545
1725,2.1773,35.7781
1726,2.1999,35.5325
1727,2.2122,35.4719
1728,2.2289,35.6699
1729,2.2135,36.0197
1730,2.2061,36.11
1731,2.232,35.8641
1732,2.206,36.5809
1733,2.2031,36.1033
1734,2.1802,36.1039
1735,2.2058,36.1806
1736,2.2185,36.4476
1737,2.2465,36.3512
1738,2.2322,36.5151
1739,2.2325,36.5047
1740,2.2128,36.5435
1741,2.2187,36.6326
1742,2.2184,36.2678
1743,2.2395,36.2463
1744,2.2292,35.9645
1745,2.234,36.1726
1746,2.2367,36.243
1747,2.2167,36.1211
1748,2.1917,35.5995
1749,2.1862,35.5279
1750,2.1913,35.6218
1751,2.1407,35.7626
1752,2.1376,35.1734
1753,2.1281,35.0797
1754,2.1327,35.418
1755,2.1134,35.5767
1756,2.1105,35.2722
1757,2.0962,35.6383
1758,2.1037,35.6783
1759,2.1079,35.6511
1760,2.1136,35.5219
1761,2.1208,35.644
1762,2.1424,35.9189
1763,2.1366,36.1838
1764,2.1267,35.9947
1765,2.1296,35.6124
1766,2.1339,35.5736
1767,2.1414,35.6945
1768,2.1506,35.6912
1769,2.1356,35.6775
1770,2.1341,35.7356
1771,2.1257,36.0385
1772,2.1202,35.8774
1773,2.1125,35.6498
1774,2.1058,35.6632
1775,2.1055,35.641
1776,2.1002,35.8378
1777,2.0897,35.7349
1778,2.0814,35.3861
1779,2.0735,34.9422
1780,2.0769,35.0286
1781,2.0808,35.227
1782,2.0683,35.0888
1783,2.0707,34.8408
1784,2.0984,34.618
1785,2.0985,34.7667
1786,2.0966,34.7535
1787,2.1135,34.5449
1788,2.0949,34.5215
1789,2.0813,34.386
1790,2.0816,34.3433
1791,2.0837,34.1563
1792,2.1018,34.195
1793,2.0994,34.4078
1794,2.0867,34.57
1795,2.0968,34.6568
1796,2.1084,34.8974
1797,2.1172,34.9118
1798,2.1154,35.0559
1799,2.0963,35.0265
1800,2.0775,34.6897
1801,2.0867,34.4144
1802,2.0798,34.3259
1803,2.1166,34.3493
1804,2.1116,34.3761
1805,2.1195,34.3232
1806,2.1432,34.408
1807,2.1487,34.6487
1808,2.1254,34.815
1809,2.1433,34.5361
1810,2.1414,34.3768
1811,2.1373,34.4708
1812,2.1415,34.1584
1813,2.1315,33.77
1814,2.1256,33.7572
1815,2.1228,33.7166
1816,2.1185,33.7254
1817,2.1283,33.9823
1818,2.1309,34.3284
1819,2.1282,34.3453
1820,2.1333,34.2682
1821,2.1291,34.4691
1822,2.1248,34.4315
1823,2.1153,34.2625
1824,2.1242,33.9864
1825,2.1176,33.9855
1826,2.1163,34.223
1827,2.1234,34.3302
1828,2.1193,34.3916
1829,2.1409,34.4148
1830,2.1243,35.1682
1831,2.1183,35.1343
1832,2.106,35.2146
1833,2.0885,34.9643
1834,2.0921,34.8374
1835,2.0941,34.9708
1836,2.0991,35.1435
1837,2.1164,35.5024
1838,2.1328,35.5547
1839,2.1418,35.6149
1840,2.1338,35.6867
1841,2.1311,35.7893
1842,2.1524,35.8316
1843,2.1586,36.0396
1844,2.167,36.1712
1845,2.1452,36.3173
1846,2.1505,36.1846
1847,2.164,35.9408
1848,2.1568,36.1542
1849,2.1517,35.9903
1850,2.1673,35.9365
1851,2.1637,36.1858
1852,2.1618,36.0546
1853,2.1843,36.1748
1854,2.1778,36.2892
1855,2.1755,36.0723
1856,2.1781,36.1073
1857,2.1653,36.1646
1858,2.154,36.1803
1859,2.1581,36.169
1860,2.163,36.7247
1861,2.1603,37.1189
1862,2.1727,37.2897
1863,2.1572,37.4515
1864,2.1633,36.8475
1865,2.1582,36.9961
1866,2.1737,37.046
1867,2.1963,36.959
1868,2.1924,37.0461
1869,2.201,37.3249
1870,2.223,37.5279
1871,2.2145,37.752
1872,2.2032,38.3315
1873,2.2238,38.274
1874,2.2255,38.374
1875,2.2346,38.4719
1876,2.2408,38.4274
1877,2.2393,38.6925
1878,2.2365,38.5907
1879,2.261,38.1862
1880,2.2622,38.4838
1881,2.2793,39.1696
1882,2.2782,39.4475
1883,2.2833,39.6003
1884,2.2666,39.6897
1885,2.2952,39.6195
1886,2.2677,39.9381
1887,2.275,39.827
1888,2.2618,39.9462
1889,2.2695,40.1472
1890,2.2875,40.1093
1891,2.2694,40.3652
1892,2.2729,40.5049
1893,2.2692,40.8662
1894,2.2623,40.6923
1895,2.2459,40.8626
1896,2.2438,40.6456
1897,2.245,40.9616
1898,2.2462,40.9098
1899,2.2359,41.3462
1900,2.2316,41.7281
1901,2.2292,41.8085
1902,2.2062,42.2718
1903,2.2153,42.4595
1904,2.1981,42.8496
1905,2.2229,41.502
1906,2.2333,43.0095
1907,2.2213,43.4921
1908,2.2442,43.71
1909,2.2635,44.8748
1910,2.2581,46.6076
1911,2.2593,46.7232
1912,2.2566,45.6141
1913,2.2513,46.6916
1914,2.2421,45.5898
1915,2.2303,46.5411
1916,2.231,47.311
1917,2.2212,47.2
1918,2.2324,46.8545
1919,2.2196,46.7306
1920,2.2218,46.2862
1921,2.2301,45.8345
1922,2.2191,44.8364
1923,2.2102,46.0441
1924,2.2073,47.0581
1925,2.2201,48.5826
1926,2.2143,49.467
1927,2.231,51.6479
1928,2.2403,53.971
1929,2.234,53.1753
1930,2.2606,54.4554
1931,2.2685,52.8918
1932,2.2669,53.7964
1933,2.266,54.2413
1934,2.278,54.848
1935,2.2985,55.7178
1936,2.3763,58.2805
1937,2.365,64.2372
1938,2.338,67.9143
1939,2.3229,61.5925
1940,2.3123,61.6215
1941,2.3146,59.6168
1942,2.3207,55.6457
1943,2.3181,54.7113
1944,2.3204,53.802
1945,2.3187,52.0862
1946,2.3187,53.5001
1947,2.3281,58.4949
1948,2.335,56.3794
1949,2.3314,58.25
1950,2.345,57.8018
1951,2.3306,58.75
1952,2.3225,61.6168
1953,2.3195,63.0917
1954,2.2993,62.9
1955,2.2946,60.1215
1956,2.2852,62.0393
1957,2.2854,63.1411
1958,2.2812,65.2099
1959,2.3104,64.6523
1960,2.3259,65.1496
1961,2.3365,65.306
1962,2.3463,64.8798
1963,2.3503,65.244
1964,2.3249,65.2003
1965,2.3499,64.1753
1966,2.354,63.7056
1967,2.3644,68.4534
1968,2.385,67.5222
1969,2.4162,67.7642
1970,2.4417,68.9682
1971,2.4311,69.4666
1972,2.401,68.323
1973,2.4663,65.2264
1974,2.4383,67.9
1975,2.4746,66.5946
1976,2.4762,66.857
1977,2.4964,65.785
1978,2.5011,65.4623
1979,2.4662,65.1763
1980,2.4571,65.3857
1981,2.4563,63.4417
1982,2.4516,63.2006
1983,2.4436,63.2582
1984,2.4564,61.5649
1985,2.4534,61.905
1986,2.4748,62.0605
1987,2.4634,63.7045
1988,2.4881,62.9025
1989,2.5041,61.4212
1990,2.5082,61.178
1991,2.5172,61.7535
1992,2.5356,62.5361
1993,2.5628,61.892
1994,2.6075,61.8264
1995,2.6236,60.8945
1996,2.6016,60.43
1997,2.6382,60.3535
1998,2.6105,62.4565
1999,2.5843,61.6892
2000,2.6398,61.276
2001,2.626,62.2345
2002,2.6128,62.1953
2003,2.5691,61.4496
2004,2.6039,59.448
2005,2.5742,60.0888
2006,2.5423,59.2934
2007,2.5521,58.7493
2008,2.5872,57.7346
2009,2.5957,57.4284
2010,2.6105,57.3254
2011,2.6079,57.8492
2012,2.5975,57.514
2013,2.5991,58.1861
2014,2.5853,57.6042
2015,2.5726,56.6028
2016,2.571,56.6712
2017,2.6025,55.463
2018,2.5991,55.033
2019,2.6201,53.6548
2020,2.6286,51.9669
2021,2.6705,53.5858
2022,2.6886,52.2782
2023,2.699,50.9475
2024,2.6787,49.7306
2025,2.6784,49.8097
2026,2.6992,51.964
2027,2.6853,53.385
2028,2.7116,53.6975
2029,2.7016,52.1916
2030,2.7143,50.815
2031,2.6746,50.8745
2032,2.6582,52.0204
2033,2.6603,51.3321
2034,2.6725,51.011
2035,2.7081,51.5876
2036,2.7135,51.915
2037,2.7044,52.1248
2038,2.692,50.5095
2039,2.6852,50.8176
2040,2.6962,50.3167
2041,2.6937,50.9135
2042,2.6635,51.245
2043,2.6308,49.9745
2044,2.5912,49.3191
2045,2.5754,50.0685
2046,2.5807,49.532
2047,2.5935,49.0955
2048,2.5785,49.5462
2049,2.5886,49.7704
2050,2.5991,49.9833
2051,2.6155,50.0021
2052,2.6418,50.0188
2053,2.6423,50.8427
2054,2.6545,51.9411
2055,2.6629,52.7049
2056,2.6828,52.3405
2057,2.6741,53.574
2058,2.6853,52.8458
2059,2.6676,54.3033
2060,2.6607,56.4283
2061,2.7515,56.126
2062,2.7543,55.9979
2063,2.7356,55.5527
2064,2.7023,54.3555
2065,2.7135,54.7628
2066,2.7354,55.228
2067,2.7344,54.526
2068,2.7069,53.787
2069,2.7123,53.6434
2070,2.6948,53.4535
2071,2.6655,54.036
2072,2.6794,53.9363
2073,2.6777,53.8496
2074,2.6552,54.4623
2075,2.6646,54.6997
2076,2.7038,54.8064
2077,2.6816,55.7491
2078,2.6917,55.3415
2079,2.6845,55.8424
2080,2.6901,55.5179
2081,2.6781,55.9695
2082,2.6863,56.8753
2083,2.6883,56.7104
2084,2.6787,57.4749
2085,2.6667,57.1652
2086,2.6461,56.4185
2087,2.6315,56.5496
2088,2.6465,56.4132
2089,2.6567,56.9463
2090,2.6529,56.9695
2091,2.6985,56.9489
2092,2.6845,56.964
2093,2.707,56.9703
2094,2.7338,57.4416
2095,2.7378,57.887
2096,2.7714,58.5915
2097,2.7603,59.6541
2098,2.7664,60.0066
2099,2.7829,58.6758
2100,2.7708,59.73
2101,2.7812,61.705
2102,2.7832,63.5504
2103,2.787,63.0977
2104,2.7757,63.475
2105,2.7807,64.0255
2106,2.7795,64.0197
2107,2.7796,62.9487
2108,2.7769,64.273
2109,2.8202,64.2378
2110,2.8338,64.6974
2111,2.8685,64.9465
2112,2.8953,65.4943
2113,2.9254,65.8258
2114,2.9159,66.6218
2115,2.919,68.0512
2116,2.9424,69.1768
2117,2.9402,70.8867
2118,2.9321,69.0229
2119,2.909,68.9261
2120,2.9237,65.893
2121,2.9149,65.2068
2122,2.9307,64.2249
2123,2.9415,66.6705
2124,2.9708,66.9519
2125,3.0086,66.46
2126,3.0329,68.495
2127,3.0112,69.124
2128,3.0365,67.9466
2129,3.0227,68.55
2130,3.0458,67.7157
2131,3.0581,67.9974
2132,3.0298,67.5339
2133,2.9983,66.7612
2134,3.0126,65.4048
2135,3.0052,65.489
2136,3.0064,66.495
2137,3.026,66.0179
2138,3.0383,65.9581
2139,3.0401,66.7245
2140,3.0473,66.0506
2141,3.058,65.4095
2142,3.037,66.2703
2143,3.0256,65.9259
2144,3.0269,65.3619
2145,2.9917,65.6817
2146,2.9837,66.385
2147,2.958,64.5447
2148,2.9403,63.4311
2149,2.8935,62.7773
2150,2.9113,61.3954
2151,2.9268,61.5155
2152,2.9585,62.0154
2153,2.9138,63.0733
2154,2.8792,62.6393
2155,2.8916,61.3753
2156,2.9057,61.28
2157,2.9006,62.3343
2158,2.8958,62.117
2159,2.873,63.0117
2160,2.908,62.5492
2161,2.8899,62.37
2162,2.9043,63.008
2163,2.924,65.1741
2164,2.9365,63.918
2165,2.915,64.3766
2166,2.8243,63.9548
2167,2.8293,63.6554
2168,2.863,62.5952
2169,2.8602,63.1998
2170,2.9183,63.3883
2171,2.9205,64.505
2172,2.9165,64.6303
2173,2.8747,64.5585
2174,2.8651,65.4277
2175,2.8632,66.6904
2176,2.8834,66.7401
2177,2.8691,65.3323
2178,2.8626,65.1513
2179,2.8429,64.7638
2180,2.8289,64.5191
2181,2.8506,64.74
2182,2.8773,65.832
2183,2.8885,65.4573
2184,2.9201,65.5362
2185,2.9252,65.8229
2186,2.9138,66.4287
2187,2.8907,66.4192
2188,2.8894,66.6675
2189,2.8848,67.3833
2190,2.8929,67.4976
2191,2.9131,68.041
2192,2.9101,69.4462
2193,2.9162,69.4605
2194,2.9236,69.3174
2195,2.9827,68.7733
2196,2.9796,70.3801
2197,2.9649,70.4429
2198,2.935,69.951
2199,2.9296,70.3976
2200,2.9073,71.2127
2201,2.9159,70.7529
2202,2.9306,71.271
2203,2.917,71.2551
2204,2.9187,69.7448
2205,2.9124,70.286
2206,2.9061,70.6694
2207,2.9064,72.2294
2208,2.9189,72.305
2209,2.9172,73.224
2210,2.9214,72.5209
2211,2.9643,72.947
2212,2.9846,73.3547
2213,3.0025,74.6738
2214,2.9991,74.7687
2215,3.0201,74.7475
2216,3.0376,76.1895
2217,3.034,76.9641
2218,3.0265,76.6603
2219,3.0233,76.0547
2220,3.047,77.7049
2221,3.0361,79.3173
2222,3.0401,78.73
2223,3.0419,81.4287
2224,3.0125,82.4496
2225,3.0011,78.1145
2226,3.0215,80.1504
2227,3.0083,78.8297
2228,3.0015,78.077
2229,2.9692,76.3
2230,2.9548,75.5466
2231,2.9459,77.328
2232,2.9519,79.8355
2233,2.9157,76.7993
2234,2.9119,76.8512
2235,2.9174,77.5366
2236,2.947,77.9803
2237,2.94,79.6895
2238,2.9216,79.258
2239,2.9303,80.0543
2240,2.93,78.6638
2241,2.9462,76.9715
2242,2.9777,77.9702
2243,2.9566,75
2244,2.9687,76.4026
2245,2.9514,77
2246,2.9367,75.1734
2247,2.9437,76.2858
2248,2.9367,75.7679
2249,2.9277,75.325
2250,2.9955,76.3175
2251,2.9657,75.1907
2252,2.936,73.3265
2253,2.9255,73.0532
2254,2.9087,73.0739
2255,2.9045,71.875
2256,2.9164,71.482
2257,2.9146,72.8604
2258,2.8919,71.0975
2259,2.8914,71.3937
2260,2.8684,69.7079
2261,2.8706,70.035
2262,2.8984,70.9489
2263,2.869,69.2207
2264,2.8414,68.1227
2265,2.8675,68.24
2266,2.8617,67.835
2267,2.8668,67.4809
2268,2.876,68.663
2269,2.8727,68.5603
2270,2.8758,68.175
2271,2.8687,68.5484
2272,2.8376,68.2458
2273,2.8357,68.2887
2274,2.8173,66.8954
2275,2.8215,67.6825
2276,2.812,68.575
2277,2.8317,68.5091
2278,2.8402,67.666
2279,2.8616,68.168
2280,2.8499,67.1185
2281,2.8329,66.6891
2282,2.8348,65.6254
2283,2.8469,66.2762
2284,2.8489,66.104
2285,2.8547,66.4877
2286,2.8399,66.2207
2287,2.8308,65.8798
2288,2.813,65.1704
2289,2.8328,66.752
2290,2.8488,66.5325
2291,2.8441,66.562
2292,2.8219,65.4339
2293,2.8189,65.125
2294,2.8128,64.7448
2295,2.7955,64.7671
2296,2.8042,65.2387
2297,2.8489,66.3535
2298,2.9623,66.6855
2299,2.9235,65.9092
2300,2.9276,66.1679
2301,2.9449,66.535
2302,2.9501,66.265
2303,2.9529,65.0405
2304,2.9598,64.9055
2305,2.9701,65.4525
2306,2.975,64.9309
2307,2.9637,64.7928
2308,2.9872,66.1885
2309,2.9887,66.7657
2310,2.975,66.8371
2311,2.9953,67.1236
2312,2.9462,66.2206
2313,2.9369,65.3832
2314,2.9345,65.8602
2315,2.9607,65.9385
2316,2.9544,65.5359
2317,2.9494,66.7224
2318,2.9419,67.11
2319,2.9489,66.9285
2320,2.9024,65.3047
2321,2.9038,65.2745
2322,2.8969,64.6457
2323,2.8928,63.6238
2324,2.8919,64.3218
2325,2.9292,65.49
2326,2.9199,65.6117
2327,2.935,66.0556
2328,2.925,65.53
2329,2.9302,65.7052
2330,2.9274,64.7542
2331,2.9064,64.3692
2332,2.9099,63.9094
2333,2.8932,64.8278
2334,2.8535,63.6611
2335,2.9279,65.1206
2336,2.939,65.5333
2337,2.9045,64.3614
2338,2.89,63.7187
2339,2.8777,63.8735
2340,2.9018,63.7746
2341,2.9068,64.1265
2342,2.9296,64.4094
2343,2.9377,64.3725
2344,2.9373,64.5997
2345,2.8922,63.8615
2346,2.9045,64.2444
2347,2.8869,63.795
2348,2.8997,63.944
2349,2.8782,62.9215
2350,3.0157,63.6852
2351,2.9773,62.8468
2352,3.0423,63.5079
2353,3.0898,63.83
2354,3.0694,64.3191
2355,3.066,64.7984
2356,3.0368,65.4414
2357,3.0464,65.9227
2358,3.0188,65.8
2359,3.0124,66.9036
2360,2.9888,65.9445
2361,2.9903,66.9845
2362,2.9913,66.8269
2363,3.0132,66.2341
2364,3.0106,65.6853
2365,2.9987,65.4689
2366,2.9824,64.6174
2367,2.9677,64.7287
2368,2.9575,64.9251
2369,2.9571,64.3465
2370,2.9584,64.7576
2371,2.9409,64.0421
2372,2.9297,63.8453
2373,2.9228,64.155
2374,2.9272,63.6226
2375,2.9292,63.8975
2376,2.9418,64.8112
2377,2.9531,64.614
2378,2.9517,65.259
2379,2.9348,65.0427
2380,2.9535,64.5882
2381,2.9506,64.7343
2382,2.963,65.397
2383,2.9579,65.3959
2384,2.9608,66.0195
2385,2.9512,65.1577
2386,2.9457,64.9385
2387,2.9225,64.5403
2388,2.9363,64.203
2389,2.9511,64.0254
2390,2.9688,64.831
2391,2.9676,64.6035
2392,2.9839,65.3138
2393,2.9801,65.1587
2394,2.9686,64.7348
2395,2.9804,65.285
2396,2.9764,64.638
2397,2.9781,64.7905
2398,2.9553,63.9299
2399,2.9425,63.64
2400,2.9689,64.0796
2401,2.9811,63.9663
2402,2.9748,63.6637
2403,2.9798,63.08
2404,2.9992,63.0822
2405,2.9999,62.879
2406,3.0187,62.3372
2407,3.0589,62.7361
2408,3.0515,62.3214
2409,3.0399,62.0805
2410,3.051,62.316
2411,3.0723,61.9229
2412,3.0839,62.69
2413,3.0867,63.1434
2414,3.0858,63.0217
2415,3.0903,62.9573
2416,3.096,63.1252
2417,3.0954,62.5364
2418,3.0615,62.261
2419,3.06,62.434
2420,3.081,62.373
2421,3.08,62.227
2422,3.071,62.1126
2423,3.0811,62.8223
2424,3.1137,62.725
2425,3.1068,62.903
2426,3.094,63.3923
2427,3.1112,63.3047
2428,3.1135,63.508
2429,3.1101,63.6135
2430,3.1568,64.4471
2431,3.1678,63.6466
2432,3.1561,63.8114
2433,3.2102,63.8117
2434,3.2507,65.6925
2435,3.2488,65.8368
2436,3.2901,66
2437,3.2905,64.3599
2438,3.324,64.7469
2439,3.3704,64.8743
2440,3.3683,64.9791
2441,3.3613,63.9762
2442,3.3845,63.7019
2443,3.3953,64.2651
2444,3.4463,64.4916
2445,3.4514,64.8285
2446,3.4154,64.8717
2447,3.409,65.1057
2448,3.4375,64.1068
2449,3.5039,63.9721
2450,3.521,63.7937
2451,3.5243,63.816
2452,3.4457,63.8587
2453,3.3896,63.2549
2454,3.4427,63.319
2455,3.4772,62.4636
2456,3.4689,61.0145
2457,3.4924,60.6604
2458,3.5327,62.1336
2459,3.512,61.7935
2460,3.5053,62.065
2461,3.5333,61.9057
2462,3.5254,61.4445
2463,3.5089,61.2164
2464,3.5106,60.972
2465,3.5173,61.3855
2466,3.5123,60.979
2467,3.5215,60.655
2468,3.5402,60.4843
2469,3.5239,60.2258
2470,3.5235,61.5375
2471,3.5441,61.1499
2472,3.5943,60.9165
2473,3.5721,60.3713
2474,3.5932,59.3448
2475,3.6437,59.6241
2476,3.7134,60.1397
2477,3.7897,60.156
2478,3.8646,59.7703
2479,3.76,59.3902
2480,3.7233,59.5782
2481,3.8041,59.8778
2482,3.7615,59.407
2483,3.797,59.5146
2484,3.8274,59.8877
2485,3.7682,59.6068
2486,3.7568,59.552
2487,3.7833,59.2738
2488,3.8303,59.5382
2489,3.8499,60.3402
2490,3.87,59.8772
2491,3.7812,59.9112
2492,3.7733,60.1908
2493,3.7695,60.1416
2494,3.7372,59.4106
2495,3.6969,59.0027
2496,3.6838,58.9327
2497,3.7455,59.487
2498,3.719,59.1776
2499,3.6822,58.922
2500,3.6976,58.3118
2501,3.6723,57.9535
2502,3.6515,57.06
2503,3.6599,57.2113
2504,3.6674,57.6154
2505,3.6309,58.2915
2506,3.6245,57.9786
2507,3.6204,57.4238
2508,3.5799,58.0441
2509,3.5689,57.7743
2510,3.6082,58.3991
2511,3.6082,58.1272
2512,3.6462,58.3794
2513,3.6535,58.3195
2514,3.728,58.8555
2515,3.7045,58.237
2516,3.7099,58.261
2517,3.6801,58.1892
2518,3.7289,58.3813
