Day,Gold
1,1202.65
2,1206.55
3,1209.2
4,1216.65
5,1230.95
6,1226.5
7,1238.1
8,1240.4
9,1255.6
10,1257.2
11,1253.65
12,1247.9
13,1236.65
14,1233.2
15,1237.3
16,1241.95
17,1240.55
18,1224.4
19,1230.75
20,1222.25
21,1228.3
22,1236.8
23,1242.1
24,1231
25,1226.75
26,1215.2
27,1221.95
28,1203.65
29,1212.8
30,1192.8
31,1184.85
32,1189.7
33,1195
34,1216.8
35,1212.85
36,1200.55
37,1196.05
38,1214.75
39,1216.05
40,1203
41,1190.35
42,1205.05
43,1178.55
44,1189.5
45,1178.5
46,1175.85
47,1176.7
48,1164.25
49,1151
50,1145.9
51,1134.6
52,1131.35
53,1133.65
54,1125.7
55,1136.25
56,1131.6
57,1126.95
58,1162.25
59,1158.55
60,1156.1
61,1163.6
62,1171.05
63,1177.65
64,1172.5
65,1162.2
66,1173.5
67,1161.85
68,1178.1
69,1186.55
70,1187
71,1187.7
72,1186.1
73,1185.35
74,1212.25
75,1214.25
76,1211
77,1226.75
78,1229.2
79,1226.95
80,1213.6
81,1236.45
82,1267.5
83,1281.4
84,1282.35
85,1283.05
86,1302.8
87,1301
88,1303.75
89,1288.45
90,1272
91,1273
92,1266.25
93,1270.5
94,1269.4
95,1265.55
96,1266.05
97,1271.65
98,1269.05
99,1258.2
100,1254.8
101,1251.75
102,1261.05
103,1256.5
104,1253.45
105,1259.5
106,1258.75
107,1254.5
108,1269.4
109,1283.3
110,1313.3
111,1322.5
112,1318.1
113,1322.5
114,1327
115,1340.5
116,1338.65
117,1339.1
118,1326.1
119,1313.8
120,1314.85
121,1308.35
122,1310.8
123,1321.75
124,1323.65
125,1324.6
126,1330.85
127,1343.4
128,1348.35
129,1337.25
130,1326.35
131,1324.7
132,1309.5
133,1309.25
134,1318.15
135,1318.75
136,1321.3
137,1327.25
138,1342
139,1335.9
140,1346.4
141,1350.05
142,1343.35
143,1344
144,1339.4
145,1352.2
146,1355
147,1347.7
148,1341
149,1336.8
150,1340.4
151,1362.75
152,1358.9
153,1363.75
154,1349.65
155,1342
156,1341.75
157,1329
158,1323
159,1313.15
160,1320.75
161,1321.15
162,1315.9
163,1330.9
164,1334.7
165,1327
166,1323.6
167,1342.75
168,1342.4
169,1357.1
170,1354.25
171,1356.7
172,1366.25
173,1350.75
174,1350.75
175,1340
176,1320.75
177,1321.5
178,1309.7
179,1324.55
180,1315.5
181,1262.15
182,1264.85
183,1272.6
184,1281.8
185,1290.7
186,1310.75
187,1283.3
188,1287.15
189,1280.8
190,1275.5
191,1263.9
192,1263
193,1241
194,1244
195,1240.5
196,1212.4
197,1214.5
198,1212.1
199,1216.25
200,1223.85
201,1220.6
202,1236.85
203,1245.9
204,1254.2
205,1246.25
206,1272.9
207,1277
208,1285.75
209,1265.9
210,1279.25
211,1276.85
212,1262.8
213,1265.25
214,1289
215,1280.25
216,1283
217,1294
218,1285.65
219,1256
220,1247.4
221,1241.7
222,1238.9
223,1243.25
224,1249.25
225,1252
226,1255.4
227,1234.3
228,1227.1
229,1233.85
230,1245.75
231,1254.6
232,1254.75
233,1239.5
234,1242.1
235,1221.4
236,1231.25
237,1219.75
238,1213.6
239,1237
240,1236.25
241,1226
242,1221
243,1217.6
244,1252.5
245,1244.9
246,1252.1
247,1266.5
248,1228.5
249,1232
250,1242.75
251,1264.75
252,1266.5
253,1246.4
254,1267
255,1267.9
256,1277.5
257,1250.25
258,1239.2
259,1236.5
260,1234.9
261,1226.5
262,1236
263,1250.75
264,1221.35
265,1211
266,1231.15
267,1210.1
268,1210
269,1209.5
270,1208.2
271,1239.75
272,1241
273,1190
274,1191
275,1193.25
276,1150.35
277,1156.35
278,1132
279,1128.5
280,1126.5
281,1111.8
282,1114
283,1116.25
284,1113.6
285,1106.6
286,1096.25
287,1096.5
288,1101.75
289,1086.25
290,1089.2
291,1093.75
292,1088.4
293,1088.15
294,1085.4
295,1100.75
296,1101.85
297,1106.35
298,1091.4
299,1077
300,1082.25
301,1060
302,1070.1
303,1068.25
304,1074.9
305,1078.75
306,1062.5
307,1049.4
308,1075.25
309,1061.5
310,1068.25
311,1072.5
312,1071
313,1081
314,1072.1
315,1075.8
316,1079.25
317,1055.45
318,1055.4
319,1065.4
320,1061.9
321,1057.4
322,1071
323,1068
324,1076.4
325,1070.5
326,1081.75
327,1082.6
328,1067.75
329,1079.2
330,1084.75
331,1081.5
332,1087.4
333,1085.9
334,1087.1
335,1089.6
336,1088.9
337,1106.3
338,1114.7
339,1123.1
340,1134
341,1142.35
342,1148.6
343,1179.6
344,1165.7
345,1166.4
346,1161.25
347,1167
348,1167.1
349,1177.75
350,1175.4
351,1180.85
352,1184.25
353,1173.9
354,1165.2
355,1164.9
356,1151.55
357,1140
358,1144.6
359,1147.5
360,1139.75
361,1140.75
362,1119
363,1114
364,1132.1
365,1131.05
366,1146.65
367,1154.5
368,1131.35
369,1122.9
370,1133.25
371,1141.5
372,1117.5
373,1117.6
374,1105.95
375,1104.8
376,1100.25
377,1109.5
378,1109.85
379,1121.15
380,1119.5
381,1118.25
382,1128
383,1137.75
384,1142.3
385,1135
386,1119
387,1120.75
388,1137.5
389,1166.5
390,1156.5
391,1147.7
392,1126.15
393,1111.45
394,1118.8
395,1118.25
396,1116.75
397,1119
398,1108.25
399,1097
400,1093.5
401,1089.75
402,1085.1
403,1090.65
404,1091.9
405,1098.4
406,1087.5
407,1090.25
408,1096.2
409,1100
410,1080.8
411,1097.4
412,1088.6
413,1105.6
414,1104.6
415,1132.8
416,1144.4
417,1147.4
418,1157.4
419,1154
420,1159.3
421,1164.25
422,1158.5
423,1156.25
424,1166
425,1167.95
426,1165.25
427,1168
428,1171
429,1176
430,1170.5
431,1172.65
432,1173.75
433,1178
434,1185.5
435,1203.4
436,1201.85
437,1178
438,1177.75
439,1181.4
440,1182.8
441,1178.5
442,1188.5
443,1177.4
444,1172.8
445,1164.6
446,1176
447,1190
448,1192.8
449,1199.9
450,1191.4
451,1185
452,1185.85
453,1185.4
454,1204.1
455,1205
456,1210.5
457,1214.3
458,1223.5
459,1220.5
460,1225
461,1210.5
462,1191.5
463,1189.25
464,1186
465,1187
466,1194.25
467,1197
468,1175.95
469,1180.25
470,1209
471,1209
472,1200
473,1183
474,1185.75
475,1189.25
476,1195.3
477,1196.5
478,1203.35
479,1204.35
480,1192.9
481,1194.75
482,1198.9
483,1207.35
484,1194.8
485,1207.25
486,1211
487,1198.5
488,1197
489,1187
490,1185.5
491,1195.75
492,1203.15
493,1195.6
494,1191.5
495,1186.25
496,1183.1
497,1166
498,1147.25
499,1150.75
500,1150.75
501,1152
502,1152.25
503,1150
504,1162
505,1168.5
506,1175.75
507,1202
508,1199.5
509,1212.75
510,1212.5
511,1214
512,1208.25
513,1204.75
514,1192.5
515,1204.5
516,1208.25
517,1209.5
518,1206
519,1209.5
520,1229.25
521,1232.5
522,1222.5
523,1223.75
524,1234.5
525,1238.5
526,1241
527,1259.25
528,1268.5
529,1264.25
530,1272.5
531,1260.25
532,1268.75
533,1288
534,1288.5
535,1281.25
536,1294.75
537,1295.75
538,1293.5
539,1288.75
540,1273.75
541,1277.5
542,1259
543,1235
544,1231.5
545,1226.5
546,1217.75
547,1215.5
548,1210.5
549,1210.25
550,1200
551,1172
552,1206
553,1185.5
554,1175.75
555,1195.25
556,1195.5
557,1199
558,1195.75
559,1202.5
560,1209.25
561,1217
562,1216.25
563,1229
564,1227
565,1193
566,1194
567,1209
568,1204.75
569,1195
570,1194
571,1182.75
572,1194.75
573,1197.5
574,1199
575,1197.5
576,1203.75
577,1190
578,1196
579,1192.75
580,1182.5
581,1169
582,1161.75
583,1164.5
584,1156.5
585,1162
586,1154.5
587,1145
588,1142
589,1166.5
590,1167.75
591,1164.25
592,1202
593,1223.5
594,1229.25
595,1228.75
596,1232.75
597,1232.75
598,1243.75
599,1250.25
600,1244.5
601,1234.25
602,1237.75
603,1237.5
604,1234.75
605,1229
606,1219
607,1226.75
608,1217
609,1210.5
610,1195.75
611,1195
612,1211.75
613,1216.5
614,1216.5
615,1219.5
616,1213.75
617,1213.75
618,1217.25
619,1222
620,1213.5
621,1219.75
622,1220.5
623,1236
624,1232.25
625,1234.25
626,1231.5
627,1241.25
628,1251
629,1255.75
630,1259
631,1266
632,1271.5
633,1265.5
634,1267
635,1286.5
636,1285.75
637,1292
638,1282.75
639,1286
640,1277.25
641,1275.25
642,1295
643,1296.5
644,1296.75
645,1296
646,1313.5
647,1312
648,1315.75
649,1307.25
650,1309.75
651,1305.25
652,1306.5
653,1284.75
654,1290.5
655,1291.25
656,1285.25
657,1294.5
658,1299.25
659,1304.5
660,1294.75
661,1292.75
662,1308
663,1310.25
664,1311.5
665,1307.25
666,1302.5
667,1301
668,1310
669,1306
670,1335
671,1340.25
672,1322.75
673,1323
674,1313
675,1319.25
676,1317.5
677,1326.5
678,1327.5
679,1315
680,1317.5
681,1311.75
682,1316.75
683,1318.5
684,1313.5
685,1312.5
686,1293
687,1269.75
688,1267.5
689,1276.25
690,1273
691,1265.75
692,1262
693,1259.5
694,1253.5
695,1247.5
696,1252.5
697,1245.25
698,1242.75
699,1247.25
700,1250.5
701,1255
702,1263.5
703,1275.5
704,1291.5
705,1298.5
706,1287.25
707,1295.5
708,1302
709,1291.5
710,1299
711,1305.25
712,1296.5
713,1298.75
714,1291.25
715,1287
716,1296
717,1306.25
718,1281.25
719,1278.5
720,1288.5
721,1297.75
722,1299
723,1301.25
724,1291.5
725,1285.25
726,1286.75
727,1299
728,1301.5
729,1298
730,1325.75
731,1318
732,1320.5
733,1301.75
734,1309.5
735,1299
736,1297.25
737,1284
738,1292
739,1283.75
740,1291.75
741,1294.75
742,1296
743,1304
744,1313.5
745,1310.75
746,1336
747,1327
748,1338
749,1355.75
750,1378.5
751,1385
752,1368.75
753,1366
754,1346.25
755,1344
756,1335.25
757,1345.25
758,1337
759,1334.75
760,1349.5
761,1326.5
762,1332.25
763,1331.75
764,1339
765,1334.75
766,1323.25
767,1316.25
768,1320.5
769,1320.75
770,1327.5
771,1320
772,1296
773,1289.5
774,1282
775,1277
776,1259.25
777,1256.5
778,1254.5
779,1250.25
780,1262
781,1251
782,1242.5
783,1264
784,1251.25
785,1260.5
786,1267
787,1263
788,1241
789,1238
790,1255.75
791,1250
792,1241.5
793,1236
794,1251.5
795,1248
796,1244.25
797,1226
798,1221
799,1227.5
800,1246.25
801,1234.5
802,1225
803,1204.5
804,1214.5
805,1199
806,1195.25
807,1196
808,1230.5
809,1231.75
810,1234.75
811,1232
812,1225.25
813,1260.75
814,1266.25
815,1237
816,1233
817,1222.5
818,1227.5
819,1217.25
820,1229.5
821,1253
822,1245.5
823,1245
824,1247.5
825,1243
826,1246.25
827,1240
828,1257
829,1275.75
830,1283.5
831,1287.25
832,1286
833,1272.5
834,1281.25
835,1282.5
836,1285.5
837,1307.25
838,1319
839,1307.25
840,1320.5
841,1306.75
842,1324
843,1354.75
844,1349.25
845,1361
846,1347.75
847,1344.75
848,1331.25
849,1333
850,1317.5
851,1316.5
852,1319.25
853,1273.5
854,1270.5
855,1285.5
856,1265.5
857,1298.5
858,1304
859,1329.5
860,1323.5
861,1309.75
862,1316
863,1306.25
864,1290.75
865,1326.5
866,1341
867,1333
868,1322.75
869,1314.25
870,1323
871,1349.25
872,1365.5
873,1301
874,1312.25
875,1324
876,1318.5
877,1328
878,1363.75
879,1358.25
880,1390
881,1387
882,1385
883,1390
884,1399.5
885,1392.25
886,1394.75
887,1407.75
888,1419.5
889,1419.25
890,1377.5
891,1375.5
892,1363
893,1372.5
894,1365
895,1369.25
896,1329.75
897,1326.5
898,1328.5
899,1341
900,1309
901,1298.25
902,1282.5
903,1280.5
904,1304.75
905,1309.25
906,1315
907,1314.5
908,1324.15
909,1329.75
910,1331
911,1326
912,1335
913,1333.5
914,1327
915,1295.75
916,1283.25
917,1297.25
918,1291.5
919,1284.75
920,1279.75
921,1285
922,1256
923,1255.5
924,1235.25
925,1212.75
926,1251.75
927,1250
928,1252.5
929,1242.75
930,1192
931,1232.75
932,1236.25
933,1279
934,1286.75
935,1295.25
936,1292.5
937,1372.75
938,1366.75
939,1384.75
940,1391.25
941,1385
942,1382.75
943,1374.25
944,1383.25
945,1386
946,1400
947,1404
948,1399.5
949,1402.5
950,1394.5
951,1413.5
952,1382.5
953,1376.5
954,1390.25
955,1380.5
956,1408.5
957,1360.75
958,1354.75
959,1368.75
960,1381
961,1410
962,1433.75
963,1430.75
964,1426.5
965,1465.5
966,1468
967,1444.25
968,1469.25
969,1469.25
970,1454.75
971,1469
972,1467.5
973,1471.5
974,1451
975,1428.5
976,1408
977,1424.5
978,1405.5
979,1393.75
980,1392
981,1380
982,1395
983,1535.5
984,1565
985,1575
986,1577.25
987,1575
988,1568
989,1546.5
990,1574.75
991,1583.5
992,1598.25
993,1603
994,1598
995,1599.25
996,1607.75
997,1613.75
998,1607.5
999,1610.75
1000,1603.75
1001,1595.5
1002,1586
1003,1589.25
1004,1594
1005,1579
1006,1581.75
1007,1579.5
1008,1574
1009,1579.75
1010,1574.25
1011,1582.25
1012,1588.5
1013,1604.25
1014,1590.5
1015,1586.25
1016,1576.5
1017,1577
1018,1588.5
1019,1607.75
1020,1610.75
1021,1612.25
1022,1646
1023,1645
1024,1647.5
1025,1652
1026,1668.25
1027,1668
1028,1674.25
1029,1673.5
1030,1666
1031,1669
1032,1664.75
1033,1677.5
1034,1663.5
1035,1656.5
1036,1660
1037,1671
1038,1690.25
1039,1690.5
1040,1687.5
1041,1688.5
1042,1675
1043,1676.25
1044,1680.5
1045,1666.5
1046,1657.5
1047,1675
1048,1657.75
1049,1656
1050,1645.25
1051,1648
1052,1679.5
1053,1693.75
1054,1657.5
1055,1655.5
1056,1651.5
1057,1650.5
1058,1665
1059,1694
1060,1695.75
1061,1696.25
1062,1692.75
1063,1716.25
1064,1710
1065,1712.5
1066,1701.5
1067,1694.25
1068,1694
1069,1697.75
1070,1720
1071,1726
1072,1725
1073,1708
1074,1746.25
1075,1750.5
1076,1734.5
1077,1731
1078,1724
1079,1732.25
1080,1730.5
1081,1713.5
1082,1710
1083,1725.75
1084,1726.25
1085,1735.25
1086,1738.25
1087,1717
1088,1715.25
1089,1691
1090,1683.5
1091,1685
1092,1716.25
1093,1719
1094,1710
1095,1707
1096,1716
1097,1715.5
1098,1706.5
1099,1711
1100,1726.75
1101,1737
1102,1743
1103,1749
1104,1746.5
1105,1736
1106,1766.75
1107,1769
1108,1761.25
1109,1774
1110,1773.5
1111,1784
1112,1791.75
1113,1775.25
1114,1775.5
1115,1787
1116,1776
1117,1763
1118,1744.75
1119,1771.5
1120,1762.5
1121,1784.5
1122,1758.5
1123,1766.75
1124,1769.5
1125,1770
1126,1775.5
1127,1733.25
1128,1737
1129,1736.75
1130,1732
1131,1728
1132,1701
1133,1690
1134,1697
1135,1691.5
1136,1648.5
1137,1660.5
1138,1660
1139,1668
1140,1667
1141,1665.25
1142,1642
1143,1639.5
1144,1615
1145,1614.75
1146,1604.5
1147,1601.75
1148,1597.75
1149,1622.5
1150,1618.5
1151,1615
1152,1613.25
1153,1611
1154,1610
1155,1602
1156,1597
1157,1599
1158,1622
1159,1617.75
1160,1618.25
1161,1618
1162,1601
1163,1583.25
1164,1572.25
1165,1576.25
1166,1584
1167,1575.25
1168,1585.25
1169,1589.75
1170,1595.5
1171,1556.25
1172,1577
1173,1595.25
1174,1585
1175,1587
1176,1604
1177,1613.5
1178,1617.5
1179,1592
1180,1598.5
1181,1558.5
1182,1573.5
1183,1576
1184,1570
1185,1565.5
1186,1582
1187,1601
1188,1625.5
1189,1615.5
1190,1627.25
1191,1613.5
1192,1619.5
1193,1603.5
1194,1584
1195,1576.5
1196,1606
1197,1635
1198,1606
1199,1558
1200,1540
1201,1579.5
1202,1574.6
1203,1569.5
1204,1568.5
1205,1549
1206,1582.5
1207,1592.5
1208,1589.5
1209,1554
1210,1548.5
1211,1556.5
1212,1558.5
1213,1583
1214,1598.5
1215,1582.5
1216,1602.5
1217,1643.75
1218,1637.75
1219,1648
1220,1664
1221,1651.25
1222,1663.5
1223,1653.5
1224,1637.75
1225,1649.5
1226,1629
1227,1641.5
1228,1650
1229,1644
1230,1635.5
1231,1653
1232,1666.5
1233,1668.5
1234,1658
1235,1644
1236,1631
1237,1621
1238,1676.25
1239,1677.5
1240,1662.5
1241,1657.5
1242,1676
1243,1692
1244,1680.25
1245,1664
1246,1635.5
1247,1649.25
1248,1656.75
1249,1661.5
1250,1658
1251,1648
1252,1644.25
1253,1690
1254,1697.5
1255,1687.5
1256,1690
1257,1677.5
1258,1669
1259,1705
1260,1707
1261,1714
1262,1770
1263,1781
1264,1772
1265,1777.5
1266,1777
1267,1752
1268,1748
1269,1733
1270,1723
1271,1713
1272,1733
1273,1722
1274,1720
1275,1711.5
1276,1748
1277,1746
1278,1724
1279,1719
1280,1734
1281,1751
1282,1740
1283,1744
1284,1729
1285,1726
1286,1727
1287,1650
1288,1665.5
1289,1675.5
1290,1653
1291,1655
1292,1647
1293,1656
1294,1641
1295,1635.5
1296,1661
1297,1634.5
1298,1637
1299,1615
1300,1616.5
1301,1599
1302,1613
1303,1598
1304,1531
1305,1571
1306,1606.5
1307,1608
1308,1613.5
1309,1598
1310,1594
1311,1574
1312,1603
1313,1672.5
1314,1659.5
1315,1709
1316,1715
1317,1735.5
1318,1708
1319,1744
1320,1747
1321,1752
1322,1746
1323,1717
1324,1714
1325,1688.5
1326,1692.5
1327,1681
1328,1699
1329,1702
1330,1719
1331,1742.5
1332,1756
1333,1785
1334,1776
1335,1773
1336,1756
1337,1784
1338,1795
1339,1782
1340,1749
1341,1758
1342,1743
1343,1699
1344,1722
1345,1741
1346,1718
1347,1715
1348,1656
1349,1652
1350,1642.5
1351,1620
1352,1652.5
1353,1631
1354,1682
1355,1678
1356,1656
1357,1682
1358,1663
1359,1661
1360,1652
1361,1635
1362,1617
1363,1638
1364,1655.5
1365,1620
1366,1613
1367,1643
1368,1659
1369,1598
1370,1689
1371,1722
1372,1793
1373,1799
1374,1794
1375,1794
1376,1782
1377,1818.5
1378,1820
1379,1834
1380,1851
1381,1855
1382,1810
1383,1895
1384,1895
1385,1875.25
1386,1821
1387,1813.5
1388,1825
1389,1788
1390,1729
1391,1770
1392,1876
1393,1877.5
1394,1848
1395,1824
1396,1790
1397,1782.5
1398,1739
1399,1736
1400,1760
1401,1772
1402,1736
1403,1693
1404,1658.75
1405,1679.5
1406,1669.25
1407,1637.75
1408,1623
1409,1628.5
1410,1613.5
1411,1625
1412,1612.75
1413,1613.5
1414,1602
1415,1601
1416,1586
1417,1601
1418,1599
1419,1587
1420,1590.5
1421,1579
1422,1550.5
1423,1555.5
1424,1541.5
1425,1527.5
1426,1527.25
1427,1510
1428,1495
1429,1483
1430,1505.5
1431,1504.25
1432,1499
1433,1498
1434,1514.75
1435,1523
1436,1552.5
1437,1544.75
1438,1544
1439,1537.5
1440,1523.25
1441,1529.75
1442,1516
1443,1526.25
1444,1529.25
1445,1537.75
1446,1537.75
1447,1545
1448,1549
1449,1540
1450,1539.5
1451,1533.75
1452,1536.5
1453,1533
1454,1518.5
1455,1526.25
1456,1527
1457,1510.5
1458,1490.75
1459,1493
1460,1496.5
1461,1478.5
1462,1500.75
1463,1505.75
1464,1489.5
1465,1508
1466,1513.5
1467,1502
1468,1486.5
1469,1511
1470,1541
1471,1540.25
1472,1535.5
1473,1511
1474,1497.5
1475,1504
1476,1501
1477,1490.5
1478,1493
1479,1476.75
1480,1465.75
1481,1457.5
1482,1450.5
1483,1468
1484,1469.5
1485,1459.5
1486,1461.5
1487,1433.5
1488,1435.5
1489,1418
1490,1439
1491,1425.5
1492,1417.5
1493,1417
1494,1436
1495,1447
1496,1439.5
1497,1426
1498,1432
1499,1420
1500,1403.75
1501,1402
1502,1400.5
1503,1422.25
1504,1411.5
1505,1413.25
1506,1431
1507,1426.25
1508,1437.5
1509,1427
1510,1421.5
1511,1435.5
1512,1420.75
1513,1411
1514,1402.5
1515,1411.5
1516,1409.25
1517,1401
1518,1403
1519,1383.5
1520,1379
1521,1371.25
1522,1372.75
1523,1365
1524,1364
1525,1353.25
1526,1365
1527,1363.5
1528,1347.5
1529,1355
1530,1328
1531,1337
1532,1331.5
1533,1327
1534,1319
1535,1334.5
1536,1328
1537,1324
1538,1343
1539,1343.5
1540,1345.5
1541,1372
1542,1369.5
1543,1360.5
1544,1367
1545,1381.5
1546,1378.75
1547,1374
1548,1368.25
1549,1367
1550,1368.5
1551,1368
1552,1388.5
1553,1405.5
1554,1412.5
1555,1373.5
1556,1387
1557,1383
1558,1380
1559,1368.5
1560,1363
1561,1388.75
1562,1394.5
1563,1399
1564,1375.25
1565,1391.25
1566,1385.5
1567,1420
1568,1415.25
1569,1403.5
1570,1389
1571,1385.5
1572,1383.5
1573,1357
1574,1355
1575,1373.25
1576,1372.5
1577,1377.5
1578,1356.5
1579,1342.5
1580,1350.25
1581,1337.5
1582,1349
1583,1368.5
1584,1388.5
1585,1398.5
1586,1390.5
1587,1421
1588,1388.5
1589,1395.5
1590,1381
1591,1345.5
1592,1351
1593,1354.5
1594,1346.75
1595,1333.5
1596,1324.5
1597,1329.5
1598,1337.5
1599,1322.5
1600,1343.5
1601,1339
1602,1339
1603,1367.25
1604,1367.5
1605,1373.25
1606,1365.5
1607,1348.5
1608,1351.5
1609,1341.5
1610,1345
1611,1346.5
1612,1330.5
1613,1313.5
1614,1316.25
1615,1307
1616,1307.5
1617,1294
1618,1297
1619,1297
1620,1290.75
1621,1293.5
1622,1275
1623,1279.25
1624,1274
1625,1272.5
1626,1267
1627,1265.5
1628,1243.75
1629,1246.5
1630,1255
1631,1255
1632,1256.75
1633,1249
1634,1240.5
1635,1248.5
1636,1246.5
1637,1246
1638,1235
1639,1237
1640,1237.5
1641,1222
1642,1226
1643,1223.5
1644,1233.5
1645,1218
1646,1226
1647,1223.5
1648,1214.25
1649,1213
1650,1205.5
1651,1192.5
1652,1203
1653,1207.75
1654,1192.5
1655,1199.5
1656,1187.5
1657,1188.5
1658,1169
1659,1162.5
1660,1157
1661,1168
1662,1183.5
1663,1190.5
1664,1199.5
1665,1191.5
1666,1183
1667,1181
1668,1189.25
1669,1208
1670,1207
1671,1216
1672,1205.5
1673,1208.75
1674,1193.5
1675,1193.25
1676,1195
1677,1208
1678,1201.5
1679,1234
1680,1244
1681,1234.5
1682,1261
1683,1254
1684,1236.25
1685,1226.5
1686,1236
1687,1254.5
1688,1256
1689,1245
1690,1234.5
1691,1225
1692,1223.75
1693,1220
1694,1217.5
1695,1233.5
1696,1246
1697,1215
1698,1203.5
1699,1215
1700,1215
1701,1227.75
1702,1207.5
1703,1211
1704,1212
1705,1198.25
1706,1187
1707,1179.75
1708,1192
1709,1195
1710,1216.75
1711,1236
1712,1236.5
1713,1237.5
1714,1237.5
1715,1222.5
1716,1196.5
1717,1202.25
1718,1185.25
1719,1165
1720,1185
1721,1179.25
1722,1166.75
1723,1161
1724,1149.5
1725,1154.5
1726,1139.5
1727,1133.75
1728,1143
1729,1144.75
1730,1136.25
1731,1151.5
1732,1154.5
1733,1153.75
1734,1148.25
1735,1158.75
1736,1152.5
1737,1148
1738,1142
1739,1132.75
1740,1123.5
1741,1115.5
1742,1107
1743,1107.5
1744,1096.5
1745,1093
1746,1090.75
1747,1101.5
1748,1097.25
1749,1105.5
1750,1122.75
1751,1121.75
1752,1124.75
1753,1104.25
1754,1106.25
1755,1104
1756,1120.5
1757,1115.75
1758,1125.75
1759,1135
1760,1134.5
1761,1136.5
1762,1126.5
1763,1114
1764,1108.25
1765,1094.5
1766,1103
1767,1107
1768,1115.25
1769,1112.75
1770,1118
1771,1119
1772,1115.25
1773,1098.25
1774,1082
1775,1076.25
1776,1069.5
1777,1071.25
1778,1064
1779,1058
1780,1083.25
1781,1115.25
1782,1111
1783,1086.5
1784,1078.5
1785,1088
1786,1094.75
1787,1093.25
1788,1095.25
1789,1084
1790,1108.25
1791,1120.25
1792,1133
1793,1134.5
1794,1128
1795,1138.25
1796,1127.25
1797,1151.25
1798,1153
1799,1126.75
1800,1130.25
1801,1130
1802,1123.25
1803,1121.5
1804,1087.5
1805,1106
1806,1085.25
1807,1084
1808,1105.5
1809,1104.5
1810,1117
1811,1137.5
1812,1122
1813,1123.75
1814,1124
1815,1128.5
1816,1141
1817,1146.75
1818,1142.5
1819,1190.25
1820,1208.75
1821,1212.5
1822,1192.5
1823,1175.75
1824,1166.5
1825,1182.75
1826,1179.75
1827,1163.25
1828,1169.5
1829,1140
1830,1135.5
1831,1149
1832,1134.75
1833,1130
1834,1104
1835,1114.75
1836,1115.25
1837,1101.5
1838,1106.75
1839,1096.75
1840,1089
1841,1090
1842,1061
1843,1062
1844,1040
1845,1040.5
1846,1031.75
1847,1036.5
1848,1054
1849,1061.75
1850,1053
1851,1053.75
1852,1061.75
1853,1050.5
1854,1047.5
1855,1053.5
1856,1059.5
1857,1057.5
1858,1058.75
1859,1051.5
1860,1045
1861,1040.25
1862,1038.75
1863,1005.5
1864,1003.5
1865,1004.75
1866,995.75
1867,989.5
1868,991.75
1869,991.5
1870,1009.75
1871,1010.25
1872,1014
1873,997
1874,1012
1875,1018.5
1876,1015.75
1877,996
1878,999.25
1879,1008.25
1880,990.75
1881,999.5
1882,1000.75
1883,993
1884,989
1885,983
1886,964.75
1887,955
1888,955.5
1889,943
1890,940.5
1891,950.5
1892,951.5
1893,952.5
1894,940.5
1895,943
1896,935
1897,932.75
1898,953.5
1899,953.5
1900,947.25
1901,942.75
1902,945
1903,956
1904,964
1905,960.5
1906,960.5
1907,959.75
1908,939
1909,932.5
1910,931
1911,944.25
1912,955
1913,951.5
1914,950
1915,948.25
1916,947.75
1917,952.75
1918,937.5
1919,935
1920,938
1921,924.75
1922,908.5
1923,913
1924,911.75
1925,918
1926,924
1927,924.5
1928,932.5
1929,929.5
1930,938.25
1931,934.5
1932,935.5
1933,942
1934,937.25
1935,933.5
1936,920.75
1937,919.25
1938,935.25
1939,940.5
1940,930.5
1941,934
1942,932.25
1943,937.25
1944,947.5
1945,953.75
1946,956
1947,943.75
1948,962
1949,970.75
1950,976.75
1951,980
1952,981.75
1953,975.5
1954,957.75
1955,951
1956,945
1957,959.75
1958,937.5
1959,939.5
1960,924.75
1961,921
1962,929.5
1963,925.25
1964,924
1965,917
1966,913
1967,907
1968,912.25
1969,910
1970,910
1971,884.5
1972,883.25
1973,898.25
1974,891
1975,907.5
1976,907.5
1977,897.5
1978,886
1979,888.75
1980,877
1981,870.5
1982,880.5
1983,891
1984,887.5
1985,880.5
1986,880
1987,879.75
1988,870.25
1989,905
1990,897.75
1991,924.5
1992,916.5
1993,928
1994,924
1995,938.25
1996,929
1997,923.75
1998,949.25
1999,954
2000,956.5
2001,893.25
2002,915.5
2003,919.5
2004,928
2005,925.25
2006,899.5
2007,901.5
2008,923.75
2009,936
2010,913
2011,908.5
2012,913.75
2013,937.25
2014,952
2015,936.5
2016,978.5
2017,984.25
2018,985.75
2019,989
2020,980.5
2021,964
2022,968
2023,942.5
2024,935.5
2025,943.25
2026,938
2027,909.75
2028,895
2029,913
2030,920
2031,905
2032,904.5
2033,918.25
2034,919.5
2035,892.25
2036,895.25
2037,897.5
2038,910.25
2039,875.75
2040,860
2041,849.25
2042,853.25
2043,833
2044,833.75
2045,810
2046,821.5
2047,826.5
2048,827
2049,847.25
2050,855.75
2051,848.5
2052,848.25
2053,853.5
2054,874.5
2055,869.75
2056,880.25
2057,843.5
2058,849
2059,835.75
2060,855.25
2061,870
2062,838.25
2063,826
2064,826.5
2065,827.75
2066,802.25
2067,767.75
2068,767.25
2069,749
2070,773.25
2071,766.25
2072,780
2073,778
2074,814.5
2075,814
2076,812.5
2077,820.5
2078,822.5
2079,774.5
2080,738
2081,762
2082,738
2083,734
2084,747.5
2085,713.5
2086,724.75
2087,733.75
2088,753
2089,735.25
2090,754.5
2091,753.75
2092,741.25
2093,729.5
2094,730.75
2095,755.25
2096,764
2097,730.5
2098,730.5
2099,712.5
2100,720
2101,744
2102,772
2103,795
2104,784.5
2105,802.5
2106,847
2107,832.5
2108,831.5
2109,900.5
2110,883.5
2111,903.5
2112,876.75
2113,875.5
2114,828
2115,852
2116,880
2117,884.5
2118,905
2119,902
2120,888.5
2121,896
2122,899
2123,889
2124,869
2125,863
2126,813
2127,779.5
2128,775
2129,750.25
2130,740.75
2131,775.75
2132,781.75
2133,808
2134,808.5
2135,805.75
2136,803.5
2137,798.5
2138,822.25
2139,833
2140,838.25
2141,827
2142,827
2143,824
2144,833.5
2145,815.75
2146,788.75
2147,796.25
2148,786.5
2149,818
2150,818.5
2151,817.75
2152,852.5
2153,852.5
2154,871.5
2155,879.5
2156,882
2157,905.75
2158,912.5
2159,918
2160,897.5
2161,916.75
2162,923.5
2163,920.5
2164,928
2165,926.5
2166,961.5
2167,960.5
2168,959.75
2169,965.5
2170,977.5
2171,986
2172,968
2173,962.75
2174,939.5
2175,927.25
2176,921
2177,916.75
2178,931.25
2179,934
2180,935.25
2181,937.5
2182,930.25
2183,919.5
2184,909.5
2185,882.75
2186,889.5
2187,881
2188,907.5
2189,903
2190,887.5
2191,881.5
2192,888.25
2193,866
2194,862.25
2195,876.25
2196,878
2197,896.25
2198,890.5
2199,878.75
2200,883.5
2201,879.25
2202,888.25
2203,885.75
2204,883
2205,902.5
2206,906.75
2207,927.5
2208,922.75
2209,923
2210,914.5
2211,906.5
2212,897
2213,881.25
2214,866.5
2215,865
2216,883.5
2217,876
2218,877
2219,868.25
2220,880
2221,853.5
2222,853
2223,871
2224,880
2225,890.5
2226,891.5
2227,895.5
2228,898.5
2229,918
2230,918.5
2231,908.75
2232,946
2233,945
2234,929.75
2235,926.5
2236,927.75
2237,928
2238,917
2239,915
2240,926.5
2241,905.5
2242,896.5
2243,890
2244,887.75
2245,933.5
2246,934.25
2247,946.75
2248,946.75
2249,926.75
2250,925.75
2251,958.5
2252,1006.75
2253,1011.25
2254,1003.5
2255,995
2256,975.5
2257,970
2258,969.25
2259,972.5
2260,976.5
2261,974.5
2262,984.75
2263,988.5
2264,971.5
2265,959.75
2266,959.5
2267,937
2268,937.75
2269,943
2270,945
2271,920
2272,924
2273,903.25
2274,912.5
2275,906
2276,899
2277,917
2278,918
2279,916.25
2280,899.75
2281,903
2282,887.5
2283,893.75
2284,914.75
2285,923.25
2286,919
2287,924.5
2288,921.75
2289,918.25
2290,909.25
2291,888.25
2292,875
2293,871.25
2294,882
2295,888.25
2296,889.75
2297,913
2298,902
2299,891
2300,884.25
2301,877
2302,873.5
2303,859.25
2304,855
2305,858.85
2306,846.75
2307,833.75
2308,829
2309,810.5
2310,795.25
2311,799.75
2312,804.25
2313,790.75
2314,789.5
2315,800.7
2316,814
2317,808.75
2318,809.5
2319,792.5
2320,801.5
2321,793
2322,797.5
2323,784.25
2324,783.5
2325,794.5
2326,801.75
2327,810.75
2328,830
2329,815.25
2330,803.25
2331,798
2332,795.5
2333,778.85
2334,789.75
2335,794
2336,813.5
2337,804.25
2338,803.5
2339,831.5
2340,841.1
2341,834.5
2342,822.5
2343,804.75
2344,796.5
2345,790.25
2346,789.5
2347,783.25
2348,788.5
2349,779.15
2350,767.5
2351,757.5
2352,758.25
2353,751.25
2354,763
2355,764.15
2356,762.5
2357,756.75
2358,758.85
2359,749.5
2360,749
2361,741.25
2362,736
2363,733.75
2364,737
2365,725.5
2366,730.25
2367,731
2368,742.5
2369,743
2370,731.75
2371,734.75
2372,728.5
2373,730
2374,737
2375,734.5
2376,725.15
2377,714.75
2378,719
2379,716.35
2380,704.5
2381,706
2382,704.15
2383,703.5
2384,701
2385,688.15
2386,680.25
2387,678.75
2388,672
2389,672
2390,666
2391,664.25
2392,666
2393,660.85
2394,660.75
2395,659.5
2396,657.5
2397,659.5
2398,657.5
2399,662.25
2400,667.25
2401,668.35
2402,668.75
2403,668.5
2404,662.6
2405,675.5
2406,668
2407,671.5
2408,670.5
2409,666.25
2410,665.75
2411,665.5
2412,661.5
2413,660.5
2414,670
2415,674.75
2416,684.3
2417,682
2418,681.6
2419,674.5
2420,666.75
2421,666.5
2422,666
2423,666.5
2424,667.25
2425,663
2426,661.7
2427,661.25
2428,648.75
2429,651
2430,654.15
2431,654.25
2432,654.75
2433,650.5
2434,647.25
2435,642.1
2436,647
2437,650.75
2438,652.85
2439,650.5
2440,657.7
2441,656.3
2442,656
2443,653.1
2444,653.25
2445,647.65
2446,647.25
2447,650.3
2448,655.25
2449,668.75
2450,669.7
2451,671.5
2452,671.1
2453,666.5
2454,659.1
2455,652.65
2456,660.15
2457,655.3
2458,659
2459,662.05
2460,662
2461,658
2462,657
2463,656.75
2464,667.75
2465,668.25
2466,670.2
2467,669
2468,673.5
2469,683
2470,684.25
2471,688.8
2472,674.2
2473,669.5
2474,673.6
2475,677
2476,677.5
2477,673
2478,684
2479,688.4
2480,688.7
2481,691.4
2482,681.9
2483,688.75
2484,688
2485,686.5
2486,681.75
2487,677.25
2488,678.2
2489,677.4
2490,673.5
2491,672.25
2492,664.25
2493,658.25
2494,661.75
2495,661
2496,666.75
2497,664
2498,663
2499,656.25
2500,663
2501,658.75
2502,659
2503,655
2504,653.2
2505,648.5
2506,643.25
2507,650.8
2508,647.75
2509,652.25
2510,654.25
2511,646.4
2512,643.75
2513,636.75
2514,651.9
2515,670.4
2516,664.2
2517,676.2
2518,685.75
